{
    "container": "ys255066/",
    "railway_details_Landing_Path": "Inbound/railway_details/",
    "delay_details_Landing_Path": "Inbound/delay_details/",
    "satisfaction_details_Landing_Path": "Inbound/satisfaction_details/",
    "railway_details_staging_path": "Input/railway_details/",
    "delay_details_staging_path": "Input/delay_details/",
    "satisfaction_details_staging_path": "Input/satisfaction_details/",
    "railway_details_File_Name": "railway_details",
    "delay_details_File_Name": "delay_details",
    "satisfaction_details_File_Name": "satisfaction_details",
    "csv_file_extension": ".csv",
    "json_file_extension": ".json",
    "parquet_file_extension": ".parquet",
    "EmailTo": "yash.shah@teradata.com"
}
