{
    "now": "2025-04-04T08:06:33.348Z",
    "perfNow": 340648.7000000477,
    "diagnosticCorrelation": "51996d20-b30a-491d-92c1-5697cd177c8a",
    "source": "DownloadSupportFiles",
    "environment": {
        "productName": "adf",
        "buildVersion": "1.0.040125.0",
        "environmentType": 3,
        "resourceName": "td-aa-trng-adf",
        "resourceRegion": "eastus",
        "resourceGroup": "td-aa-trng-rg",
        "subscriptionId": "1f037183-21d0-4c33-8356-296f23107c7c",
        "sessionId": "tl9fSRDzQCM3nMLTky1Ba3",
        "operationId": "",
        "gitType": "live",
        "loggingKey": "e53f4fbe-2804-4174-87b3-65330b41275a"
    },
    "additionalInfo": {
        "selectedResource": "YS255066_Railway_Analysis_Demo",
        "selectedResourceType": "pipeline"
    }
}