{
    "name": "ys255066_adls_csv",
    "properties": {
        "linkedServiceName": {
            "referenceName": "adls_ls",
            "type": "LinkedServiceReference"
        },
        "parameters": {
            "container": {
                "type": "string"
            },
            "filename": {
                "type": "string"
            }
        },
        "annotations": [],
        "type": "DelimitedText",
        "typeProperties": {
            "location": {
                "type": "AzureBlobFSLocation",
                "fileName": {
                    "value": "@dataset().filename",
                    "type": "Expression"
                },
                "fileSystem": {
                    "value": "@dataset().container",
                    "type": "Expression"
                }
            },
            "columnDelimiter": ",",
            "escapeChar": "\\",
            "firstRowAsHeader": true,
            "quoteChar": "\""
        },
        "schema": []
    },
    "type": "Microsoft.DataFactory/factories/datasets"
}