{"Train_id":101,"Train_name":"SWV-MAO-VLNK","Arrival time":"2023-12-01T11:06:00.000Z","Departure time":"2023-12-01T11:08:00.000Z","Delay":"10 Mins"}
{"Train_id":102,"Train_name":"SWV-MAO-VLNK","Arrival time":"2023-12-01T11:28:00.000Z","Departure time":"2023-12-01T11:30:00.000Z","Delay":"10 Mins"}
{"Train_id":103,"Train_name":"SWV-MAO-VLNK","Arrival time":"2023-12-01T12:10:00.000Z","Departure time":"2023-12-01T00:00:00.000Z","Delay":"10 Mins"}
{"Train_id":104,"Train_name":"SWV-MAO-VLNK","Arrival time":"2023-12-01T00:00:00.000Z","Departure time":"2023-12-01T20:30:00.000Z","Delay":"07 Hrs 40 Mins"}
{"Train_id":105,"Train_name":"VLNK-MAO-SWV","Arrival time":"2023-12-01T21:04:00.000Z","Departure time":"2023-12-01T21:06:00.000Z","Delay":"15 Mins"}
{"Train_id":106,"Train_name":"VLNK-MAO-SWV","Arrival time":"2023-12-01T21:26:00.000Z","Departure time":"2023-12-01T21:28:00.000Z","Delay":"03 Hrs 00 Min"}
{"Train_id":107,"Train_name":"VLNK-MAO-SWV","Arrival time":"2023-12-01T22:25:00.000Z","Departure time":"2023-12-01T00:00:00.000Z","Delay":"15 Mins"}
{"Train_id":108,"Train_name":"MAO-KOP SPEC","Arrival time":"2023-12-01T10:30:00.000Z","Departure time":"2023-12-01T10:45:00.000Z","Delay":"01 Hr 32 Mins"}
{"Train_id":109,"Train_name":"MAO-KOP SPEC","Arrival time":"2023-12-01T13:42:00.000Z","Departure time":"2023-12-01T13:45:00.000Z","Delay":"40 Mins"}
{"Train_id":110,"Train_name":"MAO-KOP SPEC","Arrival time":"2023-12-01T16:25:00.000Z","Departure time":"2023-12-01T16:35:00.000Z","Delay":"15 Mins"}
{"Train_id":111,"Train_name":"PALACE ON WH","Arrival time":"2023-12-01T17:45:00.000Z","Departure time":"2023-12-01T17:45:00.000Z","Delay":"10 Mins"}
{"Train_id":112,"Train_name":"PALACE ON WH","Arrival time":"2023-12-01T18:30:00.000Z","Departure time":"2023-12-01T18:30:00.000Z","Delay":"12 Mins"}
{"Train_id":113,"Train_name":"PALACE ON WH","Arrival time":"2023-12-01T03:45:00.000Z","Departure time":"2023-12-01T07:45:00.000Z","Delay":"15 Mins"}
{"Train_id":114,"Train_name":"PALACE ON WH","Arrival time":"2023-12-01T08:00:00.000Z","Departure time":"2023-12-01T11:55:00.000Z"}
{"Train_id":115,"Train_name":"PALACE ON WH","Arrival time":"2023-12-01T18:00:00.000Z","Departure time":"2023-12-01T20:00:00.000Z"}
{"Train_id":116,"Train_name":"PALACE ON WH","Arrival time":"2023-12-01T04:45:00.000Z","Departure time":"2023-12-01T08:40:00.000Z"}
{"Train_id":117,"Train_name":"PALACE ON WH","Arrival time":"2023-12-01T00:05:00.000Z","Departure time":"2023-12-01T02:00:00.000Z","Delay":"15 Mins"}
{"Train_id":118,"Train_name":"BSB BHARATDA","Arrival time":"2023-12-01T23:50:00.000Z","Departure time":"2023-12-01T19:15:00.000Z","Delay":"13 Mins"}
{"Train_id":119,"Train_name":"BSB BHARATDA","Arrival time":"2023-12-01T01:15:00.000Z","Departure time":"2023-12-01T23:55:00.000Z","Delay":"15 Mins"}
{"Train_id":120,"Train_name":"BSB BHARATDA","Arrival time":"2023-12-01T04:45:00.000Z","Departure time":"2023-12-01T01:20:00.000Z","Delay":"15 Mins"}
{"Train_id":121,"Train_name":"BSB BHARATDA","Arrival time":"2023-12-01T07:10:00.000Z","Departure time":"2023-12-01T04:50:00.000Z","Delay":"10 Mins"}
{"Train_id":122,"Train_name":"BSB BHARATDA","Arrival time":"2023-12-01T08:00:00.000Z","Departure time":"2023-12-01T07:15:00.000Z","Delay":"15 Mins"}
{"Train_id":123,"Train_name":"LKO-SVDK FTR","Arrival time":"2023-12-01T10:00:00.000Z","Departure time":"2023-12-01T08:05:00.000Z","Delay":"15 Mins"}
{"Train_id":124,"Train_name":"LKO-SVDK FTR","Arrival time":"2023-12-01T23:00:00.000Z","Departure time":"2023-12-01T10:00:00.000Z","Delay":"15 Mins"}
{"Train_id":125,"Train_name":"LKO-SVDK FTR","Arrival time":"2023-12-01T03:03:00.000Z","Departure time":"2023-12-01T23:00:00.000Z","Delay":"06 Hrs 55 Mins"}
{"Train_id":126,"Train_name":"LKO-SVDK FTR","Arrival time":"2023-12-01T06:00:00.000Z","Departure time":"2023-12-01T03:30:00.000Z","Delay":"15 Mins"}
{"Train_id":127,"Train_name":"LKO-SVDK FTR","Arrival time":"2023-12-01T09:42:00.000Z","Departure time":"2023-12-01T06:30:00.000Z","Delay":"15 Mins"}
{"Train_id":128,"Train_name":"LKO-SVDK FTR","Arrival time":"2023-12-01T09:42:00.000Z","Departure time":"2023-12-01T09:47:00.000Z","Delay":"15 Mins"}
{"Train_id":129,"Train_name":"LKO-SVDK FTR","Arrival time":"2023-12-01T08:00:00.000Z","Departure time":"2023-12-01T08:00:00.000Z","Delay":"02 Hrs 49 Mins"}
{"Train_id":130,"Train_name":"SVDK-LKO FTR","Arrival time":"2023-12-01T11:45:00.000Z","Departure time":"2023-12-01T11:45:00.000Z","Delay":"15 Mins"}
{"Train_id":131,"Train_name":"SVDK-LKO FTR","Arrival time":"2023-12-01T03:25:00.000Z","Departure time":"2023-12-01T03:30:00.000Z","Delay":"03 Hrs 29 Mins"}
{"Train_id":132,"Train_name":"SVDK-LKO FTR","Arrival time":"2023-12-01T06:35:00.000Z","Departure time":"2023-12-01T07:05:00.000Z","Delay":"15 Mins"}
{"Train_id":133,"Train_name":"SVDK-LKO FTR","Arrival time":"2023-12-01T09:30:00.000Z","Departure time":"2023-12-01T09:35:00.000Z","Delay":"10 Mins"}
{"Train_id":134,"Train_name":"SVDK-LKO FTR","Arrival time":"2023-12-01T14:30:00.000Z","Departure time":"2023-12-01T14:30:00.000Z","Delay":"15 Mins"}
{"Train_id":135,"Train_name":"FTR TRAIN NO","Arrival time":"2023-12-01T12:10:00.000Z","Departure time":"2023-12-01T12:10:00.000Z","Delay":"15 Mins"}
{"Train_id":136,"Train_name":"FTR TRAIN NO","Arrival time":"2023-12-01T13:55:00.000Z","Departure time":"2023-12-01T14:25:00.000Z","Delay":"05 Mins"}
{"Train_id":137,"Train_name":"FTR TRAIN NO","Arrival time":"2023-12-01T15:55:00.000Z","Departure time":"2023-12-01T16:20:00.000Z","Delay":"30 Mins"}
{"Train_id":138,"Train_name":"FTR TRAIN NO","Arrival time":"2023-12-01T17:38:00.000Z","Departure time":"2023-12-01T17:40:00.000Z","Delay":"14 Mins"}
{"Train_id":139,"Train_name":"FTR TRAIN NO","Arrival time":"2023-12-01T20:13:00.000Z","Departure time":"2023-12-01T20:15:00.000Z","Delay":"55 Mins"}
{"Train_id":140,"Train_name":"FTR TRAIN NO","Arrival time":"2023-12-01T05:30:00.000Z","Departure time":"2023-12-01T05:35:00.000Z","Delay":"15 Mins"}
{"Train_id":141,"Train_name":"FTR TRAIN NO","Arrival time":"2023-12-01T12:40:00.000Z","Departure time":"2023-12-01T12:50:00.000Z"}
{"Train_id":142,"Train_name":"FTR TRAIN NO","Arrival time":"2023-12-01T16:10:00.000Z","Departure time":"2023-12-01T16:20:00.000Z","Delay":"10 Mins"}
{"Train_id":143,"Train_name":"FTR TRAIN NO","Arrival time":"2023-12-01T21:00:00.000Z","Departure time":"2023-12-01T21:05:00.000Z"}
{"Train_id":144,"Train_name":"RJPB-UMB FTR","Arrival time":"2023-12-01T10:30:00.000Z","Departure time":"2023-12-01T10:30:00.000Z","Delay":"50 Mins"}
{"Train_id":145,"Train_name":"RJPB-UMB FTR","Arrival time":"2023-12-01T14:00:00.000Z","Departure time":"2023-12-01T14:10:00.000Z","Delay":"15 Mins"}
{"Train_id":146,"Train_name":"RJPB-UMB FTR","Arrival time":"2023-12-01T20:30:00.000Z","Departure time":"2023-12-01T20:35:00.000Z"}
{"Train_id":147,"Train_name":"RJPB-UMB FTR","Arrival time":"2023-12-01T04:20:00.000Z","Departure time":"2023-12-01T04:45:00.000Z","Delay":"15 Mins"}
{"Train_id":148,"Train_name":"RJPB-UMB FTR","Arrival time":"2023-12-01T05:50:00.000Z","Departure time":"2023-12-01T05:55:00.000Z","Delay":"15 Mins"}
{"Train_id":149,"Train_name":"RJPB-UMB FTR","Arrival time":"2023-12-01T06:35:00.000Z","Departure time":"2023-12-01T06:40:00.000Z","Delay":"15 Mins"}
{"Train_id":150,"Train_name":"RJPB-UMB FTR","Arrival time":"2023-12-01T07:25:00.000Z","Departure time":"2023-12-01T07:30:00.000Z","Delay":"15 Mins"}
{"Train_id":151,"Train_name":"RJPB-UMB FTR","Arrival time":"2023-12-01T08:05:00.000Z","Departure time":"2023-12-01T08:10:00.000Z","Delay":"15 Mins"}
{"Train_id":152,"Train_name":"RJPB-UMB FTR","Arrival time":"2023-12-01T09:30:00.000Z","Departure time":"2023-12-01T09:30:00.000Z","Delay":"15 Mins"}
{"Train_id":153,"Train_name":"PNBE-BTI FTR","Arrival time":"2023-12-01T09:00:00.000Z","Departure time":"2023-12-01T09:00:00.000Z"}
{"Train_id":154,"Train_name":"PNBE-BTI FTR","Arrival time":"2023-12-01T12:30:00.000Z","Departure time":"2023-12-01T12:40:00.000Z"}
{"Train_id":155,"Train_name":"PNBE-BTI FTR","Arrival time":"2023-12-01T10:00:00.000Z","Departure time":"2023-12-01T10:00:00.000Z","Delay":"15 Mins"}
{"Train_id":156,"Train_name":"PNBE-PTA FTR","Arrival time":"2023-12-01T14:15:00.000Z","Departure time":"2023-12-01T14:15:00.000Z","Delay":"15 Mins"}
{"Train_id":157,"Train_name":"PNBE-PTA FTR","Arrival time":"2023-12-01T18:10:00.000Z","Departure time":"2023-12-01T18:15:00.000Z","Delay":"15 Mins"}
{"Train_id":158,"Train_name":"PNBE-PTA FTR","Arrival time":"2023-12-01T15:45:00.000Z","Departure time":"2023-12-01T15:45:00.000Z","Delay":"15 Mins"}
{"Train_id":159,"Train_name":"RSD-PJP BSF","Arrival time":"2023-12-01T23:30:00.000Z","Departure time":"2023-12-01T23:30:00.000Z","Delay":"02 Hrs 02 Mins"}
{"Train_id":160,"Train_name":"RSD-PJP BSF","Arrival time":"2023-12-01T11:00:00.000Z","Departure time":"2023-12-01T11:00:00.000Z","Delay":"15 Mins"}
{"Train_id":161,"Train_name":"PNBE-ASR FTR","Arrival time":"2023-12-01T12:30:00.000Z","Departure time":"2023-12-01T12:30:00.000Z","Delay":"15 Mins"}
{"Train_id":162,"Train_name":"PNBE-ASR FTR","Arrival time":"2023-12-01T16:20:00.000Z","Departure time":"2023-12-01T16:30:00.000Z","Delay":"10 Mins"}
{"Train_id":163,"Train_name":"PNBE-ASR FTR","Arrival time":"2023-12-01T16:00:00.000Z","Departure time":"2023-12-01T16:00:00.000Z","Delay":"15 Mins"}
{"Train_id":164,"Train_name":"CSMT-NGP SF","Arrival time":"2023-12-01T00:20:00.000Z","Departure time":"2023-12-01T00:20:00.000Z","Delay":"25 Mins"}
{"Train_id":165,"Train_name":"CSMT-NGP SF","Arrival time":"2023-12-01T00:37:00.000Z","Departure time":"2023-12-01T00:40:00.000Z","Delay":"15 Mins"}
{"Train_id":166,"Train_name":"CSMT-NGP SF","Arrival time":"2023-12-01T01:07:00.000Z","Departure time":"2023-12-01T01:10:00.000Z","Delay":"40 Mins"}
{"Train_id":167,"Train_name":"CSMT-NGP SF","Arrival time":"2023-12-01T01:32:00.000Z","Departure time":"2023-12-01T01:35:00.000Z","Delay":"03 Hrs 29 Mins"}
{"Train_id":168,"Train_name":"CSMT-NGP SF","Arrival time":"2023-12-01T03:40:00.000Z","Departure time":"2023-12-01T03:45:00.000Z","Delay":"01 Hr 00 Min"}
{"Train_id":169,"Train_name":"CSMT-NGP SF","Arrival time":"2023-12-01T04:27:00.000Z","Departure time":"2023-12-01T04:30:00.000Z","Delay":"15 Mins"}
{"Train_id":170,"Train_name":"CSMT-NGP SF","Arrival time":"2023-12-01T05:27:00.000Z","Departure time":"2023-12-01T05:30:00.000Z","Delay":"01 Hr 10 Mins"}
{"Train_id":171,"Train_name":"CSMT-NGP SF","Arrival time":"2023-12-01T07:08:00.000Z","Departure time":"2023-12-01T07:10:00.000Z","Delay":"15 Mins"}
{"Train_id":172,"Train_name":"CSMT-NGP SF","Arrival time":"2023-12-01T07:35:00.000Z","Departure time":"2023-12-01T07:45:00.000Z","Delay":"15 Mins"}
{"Train_id":173,"Train_name":"CSMT-NGP SF","Arrival time":"2023-12-01T08:18:00.000Z","Departure time":"2023-12-01T08:20:00.000Z","Delay":"15 Mins"}
{"Train_id":174,"Train_name":"CSMT-NGP SF","Arrival time":"2023-12-01T08:58:00.000Z","Departure time":"2023-12-01T09:00:00.000Z","Delay":"10 Mins"}
{"Train_id":175,"Train_name":"CSMT-NGP SF","Arrival time":"2023-12-01T09:25:00.000Z","Departure time":"2023-12-01T09:28:00.000Z","Delay":"25 Mins"}
{"Train_id":176,"Train_name":"CSMT-NGP SF","Arrival time":"2023-12-01T10:02:00.000Z","Departure time":"2023-12-01T10:05:00.000Z","Delay":"15 Mins"}
{"Train_id":177,"Train_name":"CSMT-NGP SF","Arrival time":"2023-12-01T11:02:00.000Z","Departure time":"2023-12-01T11:05:00.000Z","Delay":"01 Hr 20 Mins"}
{"Train_id":178,"Train_name":"CSMT-NGP SF","Arrival time":"2023-12-01T11:41:00.000Z","Departure time":"2023-12-01T11:42:00.000Z","Delay":"29 Mins"}
{"Train_id":179,"Train_name":"CSMT-NGP SF","Arrival time":"2023-12-01T11:58:00.000Z","Departure time":"2023-12-01T11:59:00.000Z","Delay":"54 Mins"}
{"Train_id":180,"Train_name":"CSMT-NGP SF","Arrival time":"2023-12-01T12:32:00.000Z","Departure time":"2023-12-01T12:35:00.000Z","Delay":"14 Hrs 50 Mins"}
{"Train_id":181,"Train_name":"CSMT-NGP SF","Arrival time":"2023-12-01T14:20:00.000Z","Departure time":"2023-12-01T14:20:00.000Z","Delay":"02 Hrs 15 Mins"}
{"Train_id":182,"Train_name":"LTT-SWV SPL","Arrival time":"2023-12-01T01:10:00.000Z","Departure time":"2023-12-01T01:10:00.000Z","Delay":"57 Mins"}
{"Train_id":183,"Train_name":"LTT-SWV SPL","Arrival time":"2023-12-01T01:33:00.000Z","Departure time":"2023-12-01T01:35:00.000Z","Delay":"10 Mins"}
{"Train_id":184,"Train_name":"LTT-SWV SPL","Arrival time":"2023-12-01T02:10:00.000Z","Departure time":"2023-12-01T02:13:00.000Z","Delay":"01 Hr 10 Mins"}
{"Train_id":185,"Train_name":"LTT-SWV SPL","Arrival time":"2023-12-01T03:53:00.000Z","Departure time":"2023-12-01T04:00:00.000Z","Delay":"15 Mins"}
{"Train_id":186,"Train_name":"LTT-SWV SPL","Arrival time":"2023-12-01T05:06:00.000Z","Departure time":"2023-12-01T05:08:00.000Z","Delay":"15 Mins"}
{"Train_id":187,"Train_name":"LTT-SWV SPL","Arrival time":"2023-12-01T05:30:00.000Z","Departure time":"2023-12-01T05:40:00.000Z","Delay":"13 Mins"}
{"Train_id":188,"Train_name":"LTT-SWV SPL","Arrival time":"2023-12-01T06:55:00.000Z","Departure time":"2023-12-01T07:00:00.000Z","Delay":"50 Mins"}
{"Train_id":189,"Train_name":"LTT-SWV SPL","Arrival time":"2023-12-01T09:05:00.000Z","Departure time":"2023-12-01T09:07:00.000Z","Delay":"15 Mins"}
{"Train_id":190,"Train_name":"LTT-SWV SPL","Arrival time":"2023-12-01T09:32:00.000Z","Departure time":"2023-12-01T09:34:00.000Z"}
{"Train_id":191,"Train_name":"LTT-SWV SPL","Arrival time":"2023-12-01T10:30:00.000Z","Departure time":"2023-12-01T10:30:00.000Z"}
{"Train_id":192,"Train_name":"LTT-SWV SPL","Arrival time":"2023-12-01T10:30:00.000Z","Departure time":"2023-12-01T10:30:00.000Z","Delay":"03 Hrs 35 Mins"}
{"Train_id":193,"Train_name":"SWV-LTT SPL","Arrival time":"2023-12-01T14:05:00.000Z","Departure time":"2023-12-01T14:05:00.000Z","Delay":"15 Mins"}
{"Train_id":194,"Train_name":"SWV-LTT SPL","Arrival time":"2023-12-01T14:57:00.000Z","Departure time":"2023-12-01T14:59:00.000Z","Delay":"05 Mins"}
{"Train_id":195,"Train_name":"SWV-LTT SPL","Arrival time":"2023-12-01T15:28:00.000Z","Departure time":"2023-12-01T15:30:00.000Z","Delay":"15 Mins"}
{"Train_id":196,"Train_name":"SWV-LTT SPL","Arrival time":"2023-12-01T17:17:00.000Z","Departure time":"2023-12-01T17:22:00.000Z","Delay":"15 Mins"}
{"Train_id":197,"Train_name":"SWV-LTT SPL","Arrival time":"2023-12-01T18:20:00.000Z","Departure time":"2023-12-01T18:30:00.000Z","Delay":"01 Hr 20 Mins"}
{"Train_id":198,"Train_name":"SWV-LTT SPL","Arrival time":"2023-12-01T18:52:00.000Z","Departure time":"2023-12-01T18:54:00.000Z"}
{"Train_id":199,"Train_name":"SWV-LTT SPL","Arrival time":"2023-12-01T21:30:00.000Z","Departure time":"2023-12-01T21:35:00.000Z","Delay":"15 Mins"}
{"Train_id":200,"Train_name":"SWV-LTT SPL","Arrival time":"2023-12-01T22:40:00.000Z","Departure time":"2023-12-01T22:43:00.000Z","Delay":"30 Mins"}
{"Train_id":201,"Train_name":"SWV-LTT SPL","Arrival time":"2023-12-01T23:20:00.000Z","Departure time":"2023-12-01T23:25:00.000Z"}
{"Train_id":202,"Train_name":"SWV-LTT SPL","Arrival time":"2023-12-01T00:20:00.000Z","Departure time":"2023-12-01T00:20:00.000Z","Delay":"05 Mins"}
{"Train_id":203,"Train_name":"LTT-KRMI SPL","Arrival time":"2023-12-01T01:10:00.000Z","Departure time":"2023-12-01T01:10:00.000Z","Delay":"12 Mins"}
{"Train_id":204,"Train_name":"LTT-KRMI SPL","Arrival time":"2023-12-01T01:33:00.000Z","Departure time":"2023-12-01T01:35:00.000Z","Delay":"08 Hrs 31 Mins"}
{"Train_id":205,"Train_name":"LTT-KRMI SPL","Arrival time":"2023-12-01T02:10:00.000Z","Departure time":"2023-12-01T02:13:00.000Z","Delay":"14 Mins"}
{"Train_id":206,"Train_name":"LTT-KRMI SPL","Arrival time":"2023-12-01T03:53:00.000Z","Departure time":"2023-12-01T04:00:00.000Z","Delay":"15 Mins"}
{"Train_id":207,"Train_name":"LTT-KRMI SPL","Arrival time":"2023-12-01T05:06:00.000Z","Departure time":"2023-12-01T05:08:00.000Z"}
{"Train_id":208,"Train_name":"LTT-KRMI SPL","Arrival time":"2023-12-01T05:30:00.000Z","Departure time":"2023-12-01T05:40:00.000Z","Delay":"13 Mins"}
{"Train_id":209,"Train_name":"LTT-KRMI SPL","Arrival time":"2023-12-01T06:55:00.000Z","Departure time":"2023-12-01T07:00:00.000Z","Delay":"08 Mins"}
{"Train_id":210,"Train_name":"LTT-KRMI SPL","Arrival time":"2023-12-01T09:05:00.000Z","Departure time":"2023-12-01T09:07:00.000Z"}
{"Train_id":211,"Train_name":"LTT-KRMI SPL","Arrival time":"2023-12-01T09:32:00.000Z","Departure time":"2023-12-01T09:34:00.000Z"}
{"Train_id":212,"Train_name":"LTT-KRMI SPL","Arrival time":"2023-12-01T10:34:00.000Z","Departure time":"2023-12-01T10:36:00.000Z","Delay":"15 Mins"}
{"Train_id":213,"Train_name":"LTT-KRMI SPL","Arrival time":"2023-12-01T11:00:00.000Z","Departure time":"2023-12-01T11:00:00.000Z","Delay":"15 Mins"}
{"Train_id":214,"Train_name":"KRMI-CSMT SP","Arrival time":"2023-12-01T22:00:00.000Z","Departure time":"2023-12-01T22:00:00.000Z","Delay":"15 Mins"}
{"Train_id":215,"Train_name":"KRMI-CSMT SP","Arrival time":"2023-12-01T22:30:00.000Z","Departure time":"2023-12-01T22:30:00.000Z","Delay":"01 Hr 47 Mins"}
{"Train_id":216,"Train_name":"KRMI-CSMT SP","Arrival time":"2023-12-01T22:44:00.000Z","Departure time":"2023-12-01T22:46:00.000Z"}
{"Train_id":217,"Train_name":"KRMI-CSMT SP","Arrival time":"2023-12-01T23:18:00.000Z","Departure time":"2023-12-01T23:20:00.000Z","Delay":"15 Mins"}
{"Train_id":218,"Train_name":"KRMI-CSMT SP","Arrival time":"2023-12-01T23:38:00.000Z","Departure time":"2023-12-01T23:40:00.000Z","Delay":"10 Mins"}
{"Train_id":219,"Train_name":"KRMI-CSMT SP","Arrival time":"2023-12-01T00:10:00.000Z","Departure time":"2023-12-01T00:12:00.000Z","Delay":"15 Mins"}
{"Train_id":220,"Train_name":"KRMI-CSMT SP","Arrival time":"2023-12-01T01:55:00.000Z","Departure time":"2023-12-01T02:00:00.000Z","Delay":"15 Mins"}
{"Train_id":221,"Train_name":"KRMI-CSMT SP","Arrival time":"2023-12-01T02:32:00.000Z","Departure time":"2023-12-01T02:34:00.000Z","Delay":"15 Mins"}
{"Train_id":222,"Train_name":"KRMI-CSMT SP","Arrival time":"2023-12-01T03:14:00.000Z","Departure time":"2023-12-01T03:16:00.000Z","Delay":"15 Mins"}
{"Train_id":223,"Train_name":"KRMI-CSMT SP","Arrival time":"2023-12-01T03:38:00.000Z","Departure time":"2023-12-01T03:40:00.000Z","Delay":"05 Mins"}
{"Train_id":224,"Train_name":"KRMI-CSMT SP","Arrival time":"2023-12-01T06:40:00.000Z","Departure time":"2023-12-01T06:45:00.000Z","Delay":"15 Mins"}
{"Train_id":225,"Train_name":"KRMI-CSMT SP","Arrival time":"2023-12-01T07:55:00.000Z","Departure time":"2023-12-01T08:00:00.000Z","Delay":"14 Mins"}
{"Train_id":226,"Train_name":"KRMI-CSMT SP","Arrival time":"2023-12-01T09:28:00.000Z","Departure time":"2023-12-01T09:30:00.000Z"}
{"Train_id":227,"Train_name":"KRMI-CSMT SP","Arrival time":"2023-12-01T10:10:00.000Z","Departure time":"2023-12-01T10:13:00.000Z","Delay":"15 Mins"}
{"Train_id":228,"Train_name":"NGP-KRMI SPL","Arrival time":"2023-12-01T10:30:00.000Z","Departure time":"2023-12-01T10:30:00.000Z","Delay":"02 Hrs 34 Mins"}
{"Train_id":229,"Train_name":"NGP-KRMI SPL","Arrival time":"2023-12-01T19:50:00.000Z","Departure time":"2023-12-01T19:50:00.000Z","Delay":"14 Mins"}
{"Train_id":230,"Train_name":"NGP-KRMI SPL","Arrival time":"2023-12-01T20:50:00.000Z","Departure time":"2023-12-01T20:53:00.000Z","Delay":"02 Hrs 04 Mins"}
{"Train_id":231,"Train_name":"NGP-KRMI SPL","Arrival time":"2023-12-01T21:15:00.000Z","Departure time":"2023-12-01T21:18:00.000Z","Delay":"15 Mins"}
{"Train_id":232,"Train_name":"NGP-KRMI SPL","Arrival time":"2023-12-01T21:35:00.000Z","Departure time":"2023-12-01T21:36:00.000Z","Delay":"15 Mins"}
{"Train_id":233,"Train_name":"NGP-KRMI SPL","Arrival time":"2023-12-01T22:37:00.000Z","Departure time":"2023-12-01T22:40:00.000Z","Delay":"15 Mins"}
{"Train_id":234,"Train_name":"NGP-KRMI SPL","Arrival time":"2023-12-01T23:42:00.000Z","Departure time":"2023-12-01T23:45:00.000Z","Delay":"15 Mins"}
{"Train_id":235,"Train_name":"NGP-KRMI SPL","Arrival time":"2023-12-01T00:13:00.000Z","Departure time":"2023-12-01T00:15:00.000Z","Delay":"15 Mins"}
{"Train_id":236,"Train_name":"NGP-KRMI SPL","Arrival time":"2023-12-01T00:53:00.000Z","Departure time":"2023-12-01T00:55:00.000Z","Delay":"15 Mins"}
{"Train_id":237,"Train_name":"NGP-KRMI SPL","Arrival time":"2023-12-01T01:50:00.000Z","Departure time":"2023-12-01T02:00:00.000Z","Delay":"15 Mins"}
{"Train_id":238,"Train_name":"NGP-KRMI SPL","Arrival time":"2023-12-01T02:28:00.000Z","Departure time":"2023-12-01T02:30:00.000Z","Delay":"01 Hr 05 Mins"}
{"Train_id":239,"Train_name":"NGP-KRMI SPL","Arrival time":"2023-12-01T03:28:00.000Z","Departure time":"2023-12-01T03:30:00.000Z","Delay":"15 Mins"}
{"Train_id":240,"Train_name":"NGP-KRMI SPL","Arrival time":"2023-12-01T04:28:00.000Z","Departure time":"2023-12-01T04:30:00.000Z","Delay":"15 Mins"}
{"Train_id":241,"Train_name":"NGP-KRMI SPL","Arrival time":"2023-12-01T05:28:00.000Z","Departure time":"2023-12-01T05:30:00.000Z","Delay":"15 Mins"}
{"Train_id":242,"Train_name":"NGP-KRMI SPL","Arrival time":"2023-12-01T06:50:00.000Z","Departure time":"2023-12-01T07:05:00.000Z","Delay":"54 Mins"}
{"Train_id":243,"Train_name":"NGP-KRMI SPL","Arrival time":"2023-12-01T09:11:00.000Z","Departure time":"2023-12-01T09:13:00.000Z","Delay":"14 Mins"}
{"Train_id":244,"Train_name":"PUNE-MAJN WE","Arrival time":"2023-12-01T19:55:00.000Z","Departure time":"2023-12-01T19:57:00.000Z","Delay":"15 Mins"}
{"Train_id":245,"Train_name":"PUNE-MAJN WE","Arrival time":"2023-12-01T21:20:00.000Z","Departure time":"2023-12-01T21:50:00.000Z","Delay":"15 Mins"}
{"Train_id":246,"Train_name":"PUNE-MAJN WE","Arrival time":"2023-12-01T23:30:00.000Z","Departure time":"2023-12-01T23:35:00.000Z","Delay":"15 Mins"}
{"Train_id":247,"Train_name":"PUNE-MAJN WE","Arrival time":"2023-12-01T00:48:00.000Z","Departure time":"2023-12-01T00:50:00.000Z","Delay":"01 Hr 47 Mins"}
{"Train_id":248,"Train_name":"PUNE-MAJN WE","Arrival time":"2023-12-01T01:10:00.000Z","Departure time":"2023-12-01T01:12:00.000Z","Delay":"05 Mins"}
{"Train_id":249,"Train_name":"PUNE-MAJN WE","Arrival time":"2023-12-01T02:25:00.000Z","Departure time":"2023-12-01T02:30:00.000Z","Delay":"13 Mins"}
{"Train_id":250,"Train_name":"PUNE-MAJN WE","Arrival time":"2023-12-01T03:44:00.000Z","Departure time":"2023-12-01T03:46:00.000Z","Delay":"15 Mins"}
{"Train_id":251,"Train_name":"PUNE-MAJN WE","Arrival time":"2023-12-01T04:08:00.000Z","Departure time":"2023-12-01T04:10:00.000Z","Delay":"15 Mins"}
{"Train_id":252,"Train_name":"PUNE-MAJN WE","Arrival time":"2023-12-01T05:04:00.000Z","Departure time":"2023-12-01T05:06:00.000Z","Delay":"10 Mins"}
{"Train_id":253,"Train_name":"PUNE-MAJN WE","Arrival time":"2023-12-01T06:20:00.000Z","Departure time":"2023-12-01T06:30:00.000Z","Delay":"15 Mins"}
{"Train_id":254,"Train_name":"PUNE-MAJN WE","Arrival time":"2023-12-01T07:22:00.000Z","Departure time":"2023-12-01T07:24:00.000Z","Delay":"15 Mins"}
{"Train_id":255,"Train_name":"PUNE-MAJN WE","Arrival time":"2023-12-01T08:08:00.000Z","Departure time":"2023-12-01T08:10:00.000Z"}
{"Train_id":256,"Train_name":"PUNE-MAJN WE","Arrival time":"2023-12-01T10:00:00.000Z","Departure time":"2023-12-01T10:02:00.000Z","Delay":"15 Mins"}
{"Train_id":257,"Train_name":"PUNE-MAJN WE","Arrival time":"2023-12-01T10:36:00.000Z","Departure time":"2023-12-01T10:38:00.000Z","Delay":"15 Mins"}
{"Train_id":258,"Train_name":"PUNE-MAJN WE","Arrival time":"2023-12-01T11:10:00.000Z","Departure time":"2023-12-01T11:12:00.000Z","Delay":"15 Mins"}
{"Train_id":259,"Train_name":"PUNE-MAJN WE","Arrival time":"2023-12-01T12:30:00.000Z","Departure time":"2023-12-01T12:30:00.000Z"}
{"Train_id":260,"Train_name":"MAJN-PUNE WE","Arrival time":"2023-12-01T15:45:00.000Z","Departure time":"2023-12-01T15:45:00.000Z","Delay":"15 Mins"}
{"Train_id":261,"Train_name":"MAJN-PUNE WE","Arrival time":"2023-12-01T16:26:00.000Z","Departure time":"2023-12-01T16:28:00.000Z","Delay":"15 Mins"}
{"Train_id":262,"Train_name":"MAJN-PUNE WE","Arrival time":"2023-12-01T17:08:00.000Z","Departure time":"2023-12-01T17:10:00.000Z","Delay":"15 Mins"}
{"Train_id":263,"Train_name":"MAJN-PUNE WE","Arrival time":"2023-12-01T17:40:00.000Z","Departure time":"2023-12-01T17:42:00.000Z","Delay":"15 Mins"}
{"Train_id":264,"Train_name":"MAJN-PUNE WE","Arrival time":"2023-12-01T19:56:00.000Z","Departure time":"2023-12-01T19:58:00.000Z","Delay":"15 Mins"}
{"Train_id":265,"Train_name":"MAJN-PUNE WE","Arrival time":"2023-12-01T20:50:00.000Z","Departure time":"2023-12-01T20:52:00.000Z","Delay":"10 Mins"}
{"Train_id":266,"Train_name":"MAJN-PUNE WE","Arrival time":"2023-12-01T22:10:00.000Z","Departure time":"2023-12-01T22:20:00.000Z","Delay":"15 Mins"}
{"Train_id":267,"Train_name":"MAJN-PUNE WE","Arrival time":"2023-12-01T23:18:00.000Z","Departure time":"2023-12-01T23:20:00.000Z","Delay":"15 Mins"}
{"Train_id":268,"Train_name":"MAJN-PUNE WE","Arrival time":"2023-12-01T00:18:00.000Z","Departure time":"2023-12-01T00:20:00.000Z","Delay":"15 Mins"}
{"Train_id":269,"Train_name":"MAJN-PUNE WE","Arrival time":"2023-12-01T00:50:00.000Z","Departure time":"2023-12-01T00:52:00.000Z","Delay":"15 Mins"}
{"Train_id":270,"Train_name":"MAJN-PUNE WE","Arrival time":"2023-12-01T02:55:00.000Z","Departure time":"2023-12-01T03:00:00.000Z","Delay":"15 Mins"}
{"Train_id":271,"Train_name":"MAJN-PUNE WE","Arrival time":"2023-12-01T04:20:00.000Z","Departure time":"2023-12-01T04:22:00.000Z","Delay":"15 Mins"}
{"Train_id":272,"Train_name":"MAJN-PUNE WE","Arrival time":"2023-12-01T04:54:00.000Z","Departure time":"2023-12-01T04:56:00.000Z","Delay":"15 Mins"}
{"Train_id":273,"Train_name":"MAJN-PUNE WE","Arrival time":"2023-12-01T07:10:00.000Z","Departure time":"2023-12-01T07:15:00.000Z","Delay":"10 Mins"}
{"Train_id":274,"Train_name":"DSJ-KK MTY S","Arrival time":"2023-12-01T11:15:00.000Z","Departure time":"2023-12-01T11:15:00.000Z","Delay":"15 Mins"}
{"Train_id":275,"Train_name":"DSJ-KK MTY S","Arrival time":"2023-12-01T13:50:00.000Z","Departure time":"2023-12-01T13:55:00.000Z","Delay":"15 Mins"}
{"Train_id":276,"Train_name":"DSJ-KK MTY S","Arrival time":"2023-12-01T14:50:00.000Z","Departure time":"2023-12-01T14:55:00.000Z","Delay":"01 Hr 11 Mins"}
{"Train_id":277,"Train_name":"DSJ-KK MTY S","Arrival time":"2023-12-01T18:30:00.000Z","Departure time":"2023-12-01T18:35:00.000Z","Delay":"10 Mins"}
{"Train_id":278,"Train_name":"DSJ-KK MTY S","Arrival time":"2023-12-01T22:10:00.000Z","Departure time":"2023-12-01T22:15:00.000Z","Delay":"05 Hrs 49 Mins"}
{"Train_id":279,"Train_name":"DSJ-KK MTY S","Arrival time":"2023-12-01T04:05:00.000Z","Departure time":"2023-12-01T04:10:00.000Z","Delay":"15 Mins"}
{"Train_id":280,"Train_name":"DSJ-KK MTY S","Arrival time":"2023-12-01T06:55:00.000Z","Departure time":"2023-12-01T07:00:00.000Z","Delay":"15 Mins"}
{"Train_id":281,"Train_name":"DSJ-KK MTY S","Arrival time":"2023-12-01T10:10:00.000Z","Departure time":"2023-12-01T10:15:00.000Z","Delay":"15 Mins"}
{"Train_id":282,"Train_name":"DSJ-KK MTY S","Arrival time":"2023-12-01T12:30:00.000Z","Departure time":"2023-12-01T12:35:00.000Z","Delay":"50 Mins"}
{"Train_id":283,"Train_name":"DSJ-KK MTY S","Arrival time":"2023-12-01T16:00:00.000Z","Departure time":"2023-12-01T16:05:00.000Z","Delay":"02 Hrs 54 Mins"}
{"Train_id":284,"Train_name":"DSJ-KK MTY S","Arrival time":"2023-12-01T23:50:00.000Z","Departure time":"2023-12-01T23:55:00.000Z","Delay":"15 Mins"}
{"Train_id":285,"Train_name":"DSJ-KK MTY S","Arrival time":"2023-12-01T01:45:00.000Z","Departure time":"2023-12-01T01:50:00.000Z","Delay":"15 Mins"}
{"Train_id":286,"Train_name":"DSJ-KK MTY S","Arrival time":"2023-12-01T02:15:00.000Z","Departure time":"2023-12-01T02:15:00.000Z","Delay":"15 Mins"}
{"Train_id":287,"Train_name":"PUNE-JBP SPL","Arrival time":"2023-12-01T10:45:00.000Z","Departure time":"2023-12-01T10:45:00.000Z","Delay":"10 Mins"}
{"Train_id":288,"Train_name":"PUNE-JBP SPL","Arrival time":"2023-12-01T12:05:00.000Z","Departure time":"2023-12-01T12:20:00.000Z","Delay":"15 Mins"}
{"Train_id":289,"Train_name":"PUNE-JBP SPL","Arrival time":"2023-12-01T13:57:00.000Z","Departure time":"2023-12-01T14:00:00.000Z","Delay":"15 Mins"}
{"Train_id":290,"Train_name":"PUNE-JBP SPL","Arrival time":"2023-12-01T15:58:00.000Z","Departure time":"2023-12-01T16:00:00.000Z","Delay":"40 Mins"}
{"Train_id":291,"Train_name":"PUNE-JBP SPL","Arrival time":"2023-12-01T17:20:00.000Z","Departure time":"2023-12-01T17:25:00.000Z","Delay":"15 Mins"}
{"Train_id":292,"Train_name":"PUNE-JBP SPL","Arrival time":"2023-12-01T20:10:00.000Z","Departure time":"2023-12-01T20:20:00.000Z","Delay":"5 Mins"}
{"Train_id":293,"Train_name":"PUNE-JBP SPL","Arrival time":"2023-12-01T23:40:00.000Z","Departure time":"2023-12-01T23:45:00.000Z"}
{"Train_id":294,"Train_name":"PUNE-JBP SPL","Arrival time":"2023-12-01T00:55:00.000Z","Departure time":"2023-12-01T00:57:00.000Z","Delay":"5 Mins"}
{"Train_id":295,"Train_name":"PUNE-JBP SPL","Arrival time":"2023-12-01T02:15:00.000Z","Departure time":"2023-12-01T02:30:00.000Z"}
{"Train_id":296,"Train_name":"PUNE-JBP SPL","Arrival time":"2023-12-01T03:18:00.000Z","Departure time":"2023-12-01T03:20:00.000Z"}
{"Train_id":297,"Train_name":"PUNE-JBP SPL","Arrival time":"2023-12-01T04:38:00.000Z","Departure time":"2023-12-01T04:40:00.000Z","Delay":"5 Mins"}
{"Train_id":298,"Train_name":"PUNE-JBP SPL","Arrival time":"2023-12-01T06:07:00.000Z","Departure time":"2023-12-01T06:09:00.000Z","Delay":"10 Mins"}
{"Train_id":299,"Train_name":"PUNE-JBP SPL","Arrival time":"2023-12-01T06:15:00.000Z","Departure time":"2023-12-01T06:15:00.000Z","Delay":"10 Mins"}
{"Train_id":300,"Train_name":"JBP-BDTS SF","Arrival time":"2023-12-01T16:38:00.000Z","Departure time":"2023-12-01T16:40:00.000Z","Delay":"07 Hrs 40 Mins"}
{"Train_id":301,"Train_name":"JBP-BDTS SF","Arrival time":"2023-12-01T18:10:00.000Z","Departure time":"2023-12-01T18:25:00.000Z","Delay":"15 Mins"}
{"Train_id":302,"Train_name":"JBP-BDTS SF","Arrival time":"2023-12-01T18:50:00.000Z","Departure time":"2023-12-01T18:52:00.000Z","Delay":"03 Hrs 00 Min"}
{"Train_id":303,"Train_name":"JBP-BDTS SF","Arrival time":"2023-12-01T20:25:00.000Z","Departure time":"2023-12-01T20:35:00.000Z","Delay":"15 Mins"}
{"Train_id":304,"Train_name":"JBP-BDTS SF","Arrival time":"2023-12-01T20:50:00.000Z","Departure time":"2023-12-01T20:52:00.000Z","Delay":"10 Mins"}
{"Train_id":305,"Train_name":"JBP-BDTS SF","Arrival time":"2023-12-01T23:25:00.000Z","Departure time":"2023-12-01T23:35:00.000Z","Delay":"10 Mins"}
{"Train_id":306,"Train_name":"JBP-BDTS SF","Arrival time":"2023-12-01T01:15:00.000Z","Departure time":"2023-12-01T01:25:00.000Z","Delay":"07 Hrs 40 Mins"}
{"Train_id":307,"Train_name":"JBP-BDTS SF","Arrival time":"2023-12-01T04:45:00.000Z","Departure time":"2023-12-01T04:55:00.000Z","Delay":"15 Mins"}
{"Train_id":308,"Train_name":"JBP-BDTS SF","Arrival time":"2023-12-01T06:40:00.000Z","Departure time":"2023-12-01T06:45:00.000Z","Delay":"03 Hrs 00 Min"}
{"Train_id":309,"Train_name":"JBP-BDTS SF","Arrival time":"2023-12-01T08:02:00.000Z","Departure time":"2023-12-01T08:04:00.000Z","Delay":"15 Mins"}
{"Train_id":310,"Train_name":"JBP-BDTS SF","Arrival time":"2023-12-01T10:25:00.000Z","Departure time":"2023-12-01T10:27:00.000Z","Delay":"15 Mins"}
{"Train_id":311,"Train_name":"JBP-BDTS SF","Arrival time":"2023-12-01T11:15:00.000Z","Departure time":"2023-12-01T11:15:00.000Z","Delay":"15 Mins"}
{"Train_id":312,"Train_name":"JBP-ATT BI-W","Arrival time":"2023-12-01T09:15:00.000Z","Departure time":"2023-12-01T09:15:00.000Z","Delay":"15 Mins"}
{"Train_id":313,"Train_name":"JBP-ATT BI-W","Arrival time":"2023-12-01T10:28:00.000Z","Departure time":"2023-12-01T10:30:00.000Z","Delay":"15 Mins"}
{"Train_id":314,"Train_name":"JBP-ATT BI-W","Arrival time":"2023-12-01T11:58:00.000Z","Departure time":"2023-12-01T12:00:00.000Z","Delay":"15 Mins"}
{"Train_id":315,"Train_name":"JBP-ATT BI-W","Arrival time":"2023-12-01T13:00:00.000Z","Departure time":"2023-12-01T13:05:00.000Z"}
{"Train_id":316,"Train_name":"JBP-ATT BI-W","Arrival time":"2023-12-01T14:10:00.000Z","Departure time":"2023-12-01T14:12:00.000Z","Delay":"15 Mins"}
{"Train_id":317,"Train_name":"JBP-ATT BI-W","Arrival time":"2023-12-01T15:15:00.000Z","Departure time":"2023-12-01T15:17:00.000Z","Delay":"15 Mins"}
{"Train_id":318,"Train_name":"JBP-ATT BI-W","Arrival time":"2023-12-01T16:35:00.000Z","Departure time":"2023-12-01T16:45:00.000Z","Delay":"15 Mins"}
{"Train_id":319,"Train_name":"JBP-ATT BI-W","Arrival time":"2023-12-01T18:00:00.000Z","Departure time":"2023-12-01T18:02:00.000Z","Delay":"15 Mins"}
{"Train_id":320,"Train_name":"JBP-ATT BI-W","Arrival time":"2023-12-01T19:45:00.000Z","Departure time":"2023-12-01T19:50:00.000Z","Delay":"15 Mins"}
{"Train_id":321,"Train_name":"JBP-ATT BI-W","Arrival time":"2023-12-01T20:48:00.000Z","Departure time":"2023-12-01T20:50:00.000Z","Delay":"15 Mins"}
{"Train_id":322,"Train_name":"JBP-ATT BI-W","Arrival time":"2023-12-01T00:20:00.000Z","Departure time":"2023-12-01T00:50:00.000Z"}
{"Train_id":323,"Train_name":"JBP-ATT BI-W","Arrival time":"2023-12-01T04:00:00.000Z","Departure time":"2023-12-01T04:05:00.000Z","Delay":"10 Mins"}
{"Train_id":324,"Train_name":"JBP-ATT BI-W","Arrival time":"2023-12-01T07:45:00.000Z","Departure time":"2023-12-01T07:55:00.000Z","Delay":"10 Mins"}
{"Train_id":325,"Train_name":"JBP-ATT BI-W","Arrival time":"2023-12-01T08:57:00.000Z","Departure time":"2023-12-01T09:02:00.000Z","Delay":"07 Hrs 40 Mins"}
{"Train_id":326,"Train_name":"JBP-ATT BI-W","Arrival time":"2023-12-01T09:40:00.000Z","Departure time":"2023-12-01T09:42:00.000Z","Delay":"15 Mins"}
{"Train_id":327,"Train_name":"JBP-ATT BI-W","Arrival time":"2023-12-01T10:45:00.000Z","Departure time":"2023-12-01T10:55:00.000Z","Delay":"03 Hrs 00 Min"}
{"Train_id":328,"Train_name":"JBP-ATT BI-W","Arrival time":"2023-12-01T11:45:00.000Z","Departure time":"2023-12-01T11:45:00.000Z","Delay":"15 Mins"}
{"Train_id":329,"Train_name":"ATT-JBP BI-W","Arrival time":"2023-12-01T14:45:00.000Z","Departure time":"2023-12-01T14:45:00.000Z","Delay":"15 Mins"}
{"Train_id":330,"Train_name":"CSMT-KRMI SF","Arrival time":"2023-12-01T05:33:00.000Z","Departure time":"2023-12-01T05:35:00.000Z","Delay":"01 Hr 32 Mins"}
{"Train_id":331,"Train_name":"CSMT-KRMI SF","Arrival time":"2023-12-01T06:13:00.000Z","Departure time":"2023-12-01T06:15:00.000Z","Delay":"40 Mins"}
{"Train_id":332,"Train_name":"CSMT-KRMI SF","Arrival time":"2023-12-01T10:15:00.000Z","Departure time":"2023-12-01T10:20:00.000Z","Delay":"15 Mins"}
{"Train_id":333,"Train_name":"CSMT-KRMI SF","Arrival time":"2023-12-01T12:04:00.000Z","Departure time":"2023-12-01T12:06:00.000Z","Delay":"10 Mins"}
{"Train_id":334,"Train_name":"CSMT-KRMI SF","Arrival time":"2023-12-01T13:20:00.000Z","Departure time":"2023-12-01T13:20:00.000Z","Delay":"12 Mins"}
{"Train_id":335,"Train_name":"KRMI-CSMT SF","Arrival time":"2023-12-01T14:30:00.000Z","Departure time":"2023-12-01T14:30:00.000Z","Delay":"15 Mins"}
{"Train_id":336,"Train_name":"KRMI-CSMT SF","Arrival time":"2023-12-01T15:26:00.000Z","Departure time":"2023-12-01T15:28:00.000Z","Delay":"05 Mins"}
{"Train_id":337,"Train_name":"KRMI-CSMT SF","Arrival time":"2023-12-01T17:15:00.000Z","Departure time":"2023-12-01T17:20:00.000Z","Delay":"13 Mins"}
{"Train_id":338,"Train_name":"KRMI-CSMT SF","Arrival time":"2023-12-01T21:33:00.000Z","Departure time":"2023-12-01T21:35:00.000Z","Delay":"15 Mins"}
{"Train_id":339,"Train_name":"KRMI-CSMT SF","Arrival time":"2023-12-01T22:17:00.000Z","Departure time":"2023-12-01T22:19:00.000Z","Delay":"15 Mins"}
{"Train_id":340,"Train_name":"KRMI-CSMT SF","Arrival time":"2023-12-01T22:38:00.000Z","Departure time":"2023-12-01T22:40:00.000Z","Delay":"10 Mins"}
{"Train_id":341,"Train_name":"KRMI-CSMT SF","Arrival time":"2023-12-01T23:00:00.000Z","Departure time":"2023-12-01T23:00:00.000Z","Delay":"15 Mins"}
{"Train_id":342,"Train_name":"JBP-SRC SF S","Arrival time":"2023-12-01T20:10:00.000Z","Departure time":"2023-12-01T20:10:00.000Z","Delay":"15 Mins"}
{"Train_id":343,"Train_name":"JBP-SRC SF S","Arrival time":"2023-12-01T20:40:00.000Z","Departure time":"2023-12-01T20:42:00.000Z"}
{"Train_id":344,"Train_name":"JBP-SRC SF S","Arrival time":"2023-12-01T21:20:00.000Z","Departure time":"2023-12-01T21:40:00.000Z","Delay":"10 Mins"}
{"Train_id":345,"Train_name":"JBP-SRC SF S","Arrival time":"2023-12-01T23:14:00.000Z","Departure time":"2023-12-01T23:16:00.000Z"}
{"Train_id":346,"Train_name":"JBP-SRC SF S","Arrival time":"2023-12-01T00:23:00.000Z","Departure time":"2023-12-01T00:28:00.000Z","Delay":"5 Mins"}
{"Train_id":347,"Train_name":"JBP-SRC SF S","Arrival time":"2023-12-01T01:05:00.000Z","Departure time":"2023-12-01T01:10:00.000Z","Delay":"10 Mins"}
{"Train_id":348,"Train_name":"JBP-SRC SF S","Arrival time":"2023-12-01T01:50:00.000Z","Departure time":"2023-12-01T01:52:00.000Z","Delay":"10 Mins"}
{"Train_id":349,"Train_name":"JBP-SRC SF S","Arrival time":"2023-12-01T04:30:00.000Z","Departure time":"2023-12-01T04:45:00.000Z","Delay":"07 Hrs 40 Mins"}
{"Train_id":350,"Train_name":"JBP-SRC SF S","Arrival time":"2023-12-01T05:31:00.000Z","Departure time":"2023-12-01T05:33:00.000Z","Delay":"15 Mins"}
{"Train_id":351,"Train_name":"JBP-SRC SF S","Arrival time":"2023-12-01T06:32:00.000Z","Departure time":"2023-12-01T06:37:00.000Z","Delay":"03 Hrs 00 Min"}
{"Train_id":352,"Train_name":"JBP-SRC SF S","Arrival time":"2023-12-01T08:10:00.000Z","Departure time":"2023-12-01T08:15:00.000Z","Delay":"15 Mins"}
{"Train_id":353,"Train_name":"JBP-SRC SF S","Arrival time":"2023-12-01T09:52:00.000Z","Departure time":"2023-12-01T09:57:00.000Z","Delay":"2 Mins"}
{"Train_id":354,"Train_name":"JBP-SRC SF S","Arrival time":"2023-12-01T11:22:00.000Z","Departure time":"2023-12-01T11:24:00.000Z"}
{"Train_id":355,"Train_name":"JBP-SRC SF S","Arrival time":"2023-12-01T12:35:00.000Z","Departure time":"2023-12-01T12:45:00.000Z","Delay":"5 Mins"}
{"Train_id":356,"Train_name":"JBP-SRC SF S","Arrival time":"2023-12-01T14:40:00.000Z","Departure time":"2023-12-01T14:45:00.000Z","Delay":"10 Mins"}
{"Train_id":357,"Train_name":"JBP-SRC SF S","Arrival time":"2023-12-01T16:00:00.000Z","Departure time":"2023-12-01T16:00:00.000Z","Delay":"10 Mins"}
{"Train_id":358,"Train_name":"SRC-JBP SF S","Arrival time":"2023-12-01T20:40:00.000Z","Departure time":"2023-12-01T20:40:00.000Z","Delay":"07 Hrs 40 Mins"}
{"Train_id":359,"Train_name":"SRC-JBP SF S","Arrival time":"2023-12-01T22:15:00.000Z","Departure time":"2023-12-01T22:20:00.000Z","Delay":"15 Mins"}
{"Train_id":360,"Train_name":"SRC-RJT SF A","Arrival time":"2023-12-01T18:40:00.000Z","Departure time":"2023-12-01T18:45:00.000Z","Delay":"03 Hrs 00 Min"}
{"Train_id":361,"Train_name":"SRC-RJT SF A","Arrival time":"2023-12-01T20:00:00.000Z","Departure time":"2023-12-01T20:02:00.000Z","Delay":"15 Mins"}
{"Train_id":362,"Train_name":"SRC-RJT SF A","Arrival time":"2023-12-01T20:50:00.000Z","Departure time":"2023-12-01T20:52:00.000Z","Delay":"05 Mins"}
{"Train_id":363,"Train_name":"SRC-RJT SF A","Arrival time":"2023-12-01T21:50:00.000Z","Departure time":"2023-12-01T22:00:00.000Z","Delay":"13 Mins"}
{"Train_id":364,"Train_name":"SRC-RJT SF A","Arrival time":"2023-12-01T22:30:00.000Z","Departure time":"2023-12-01T22:35:00.000Z","Delay":"15 Mins"}
{"Train_id":365,"Train_name":"SRC-RJT SF A","Arrival time":"2023-12-01T23:28:00.000Z","Departure time":"2023-12-01T23:30:00.000Z","Delay":"15 Mins"}
{"Train_id":366,"Train_name":"SRC-RJT SF A","Arrival time":"2023-12-01T01:18:00.000Z","Departure time":"2023-12-01T01:23:00.000Z","Delay":"10 Mins"}
{"Train_id":367,"Train_name":"SRC-RJT SF A","Arrival time":"2023-12-01T04:27:00.000Z","Departure time":"2023-12-01T04:32:00.000Z","Delay":"15 Mins"}
{"Train_id":368,"Train_name":"SRC-RJT SF A","Arrival time":"2023-12-01T05:15:00.000Z","Departure time":"2023-12-01T05:17:00.000Z","Delay":"15 Mins"}
{"Train_id":369,"Train_name":"SRC-RJT SF A","Arrival time":"2023-12-01T06:15:00.000Z","Departure time":"2023-12-01T06:20:00.000Z","Delay":"15 Mins"}
{"Train_id":370,"Train_name":"SRC-RJT SF A","Arrival time":"2023-12-01T06:52:00.000Z","Departure time":"2023-12-01T06:54:00.000Z","Delay":"15 Mins"}
{"Train_id":371,"Train_name":"SRC-RJT SF A","Arrival time":"2023-12-01T07:12:00.000Z","Departure time":"2023-12-01T07:14:00.000Z","Delay":"02 Hrs 02 Mins"}
{"Train_id":372,"Train_name":"SRC-RJT SF A","Arrival time":"2023-12-01T08:25:00.000Z","Departure time":"2023-12-01T08:45:00.000Z","Delay":"15 Mins"}
{"Train_id":373,"Train_name":"SRC-RJT SF A","Arrival time":"2023-12-01T09:55:00.000Z","Departure time":"2023-12-01T09:57:00.000Z","Delay":"15 Mins"}
{"Train_id":374,"Train_name":"SRC-RJT SF A","Arrival time":"2023-12-01T10:48:00.000Z","Departure time":"2023-12-01T10:50:00.000Z","Delay":"10 Mins"}
{"Train_id":375,"Train_name":"SRC-RJT SF A","Arrival time":"2023-12-01T12:02:00.000Z","Departure time":"2023-12-01T12:05:00.000Z","Delay":"15 Mins"}
{"Train_id":376,"Train_name":"SRC-RJT SF A","Arrival time":"2023-12-01T13:45:00.000Z","Departure time":"2023-12-01T13:45:00.000Z","Delay":"25 Mins"}
{"Train_id":377,"Train_name":"SRC MAS SPL","Arrival time":"2023-12-01T12:40:00.000Z","Departure time":"2023-12-01T12:40:00.000Z","Delay":"15 Mins"}
{"Train_id":378,"Train_name":"SRC MAS SPL","Arrival time":"2023-12-01T14:25:00.000Z","Departure time":"2023-12-01T14:30:00.000Z","Delay":"40 Mins"}
{"Train_id":379,"Train_name":"SRC MAS SPL","Arrival time":"2023-12-01T17:28:00.000Z","Departure time":"2023-12-01T17:30:00.000Z","Delay":"13 Mins"}
{"Train_id":380,"Train_name":"SRC MAS SPL","Arrival time":"2023-12-01T18:45:00.000Z","Departure time":"2023-12-01T18:47:00.000Z","Delay":"15 Mins"}
{"Train_id":381,"Train_name":"SRC MAS SPL","Arrival time":"2023-12-01T19:20:00.000Z","Departure time":"2023-12-01T19:25:00.000Z","Delay":"15 Mins"}
{"Train_id":382,"Train_name":"SRC MAS SPL","Arrival time":"2023-12-01T19:50:00.000Z","Departure time":"2023-12-01T20:00:00.000Z","Delay":"10 Mins"}
{"Train_id":383,"Train_name":"SRC MAS SPL","Arrival time":"2023-12-01T02:05:00.000Z","Departure time":"2023-12-01T02:35:00.000Z","Delay":"15 Mins"}
{"Train_id":384,"Train_name":"SRC MAS SPL","Arrival time":"2023-12-01T03:03:00.000Z","Departure time":"2023-12-01T03:05:00.000Z","Delay":"15 Mins"}
{"Train_id":385,"Train_name":"SRC MAS SPL","Arrival time":"2023-12-01T05:22:00.000Z","Departure time":"2023-12-01T05:24:00.000Z","Delay":"15 Mins"}
{"Train_id":386,"Train_name":"SRC MAS SPL","Arrival time":"2023-12-01T07:50:00.000Z","Departure time":"2023-12-01T08:00:00.000Z","Delay":"15 Mins"}
{"Train_id":387,"Train_name":"SRC MAS SPL","Arrival time":"2023-12-01T11:00:00.000Z","Departure time":"2023-12-01T11:02:00.000Z","Delay":"02 Hrs 02 Mins"}
{"Train_id":388,"Train_name":"SRC MAS SPL","Arrival time":"2023-12-01T15:20:00.000Z","Departure time":"2023-12-01T15:20:00.000Z","Delay":"15 Mins"}
{"Train_id":389,"Train_name":"MAS SRC SPL","Arrival time":"2023-12-01T18:20:00.000Z","Departure time":"2023-12-01T18:20:00.000Z","Delay":"15 Mins"}
{"Train_id":390,"Train_name":"MAS SRC SPL","Arrival time":"2023-12-01T21:40:00.000Z","Departure time":"2023-12-01T21:42:00.000Z","Delay":"10 Mins"}
{"Train_id":391,"Train_name":"MAS SRC SPL","Arrival time":"2023-12-01T01:35:00.000Z","Departure time":"2023-12-01T01:45:00.000Z","Delay":"15 Mins"}
{"Train_id":392,"Train_name":"NZM-MAO WINT","Arrival time":"2023-12-01T17:24:00.000Z","Departure time":"2023-12-01T17:26:00.000Z","Delay":"25 Mins"}
{"Train_id":393,"Train_name":"BKN - HW EXP","Arrival time":"2023-12-01T19:40:00.000Z","Departure time":"2023-12-01T19:40:00.000Z","Delay":"15 Mins"}
{"Train_id":394,"Train_name":"BKN - HW EXP","Arrival time":"2023-12-01T19:45:00.000Z","Departure time":"2023-12-01T19:45:00.000Z","Delay":"40 Mins"}
{"Train_id":395,"Train_name":"BKN - HW EXP","Arrival time":"2023-12-01T20:10:00.000Z","Departure time":"2023-12-01T20:12:00.000Z","Delay":"15 Mins"}
{"Train_id":396,"Train_name":"BKN - HW EXP","Arrival time":"2023-12-01T20:30:00.000Z","Departure time":"2023-12-01T20:32:00.000Z","Delay":"40 Mins"}
{"Train_id":397,"Train_name":"BKN - HW EXP","Arrival time":"2023-12-01T20:51:00.000Z","Departure time":"2023-12-01T20:53:00.000Z","Delay":"13 Mins"}
{"Train_id":398,"Train_name":"BKN - HW EXP","Arrival time":"2023-12-01T21:27:00.000Z","Departure time":"2023-12-01T21:29:00.000Z","Delay":"15 Mins"}
{"Train_id":399,"Train_name":"BKN - HW EXP","Arrival time":"2023-12-01T21:50:00.000Z","Departure time":"2023-12-01T21:55:00.000Z","Delay":"15 Mins"}
{"Train_id":400,"Train_name":"BKN - HW EXP","Arrival time":"2023-12-01T22:30:00.000Z","Departure time":"2023-12-01T22:40:00.000Z","Delay":"10 Mins"}
{"Train_id":401,"Train_name":"BKN - HW EXP","Arrival time":"2023-12-01T23:30:00.000Z","Departure time":"2023-12-01T23:35:00.000Z","Delay":"15 Mins"}
{"Train_id":402,"Train_name":"BKN - HW EXP","Arrival time":"2023-12-01T00:13:00.000Z","Departure time":"2023-12-01T00:15:00.000Z","Delay":"15 Mins"}
{"Train_id":403,"Train_name":"BKN - HW EXP","Arrival time":"2023-12-01T00:44:00.000Z","Departure time":"2023-12-01T00:46:00.000Z","Delay":"02 Hrs 02 Mins"}
{"Train_id":404,"Train_name":"BKN - HW EXP","Arrival time":"2023-12-01T01:43:00.000Z","Departure time":"2023-12-01T01:45:00.000Z","Delay":"15 Mins"}
{"Train_id":405,"Train_name":"BKN - HW EXP","Arrival time":"2023-12-01T03:25:00.000Z","Departure time":"2023-12-01T03:40:00.000Z","Delay":"15 Mins"}
{"Train_id":406,"Train_name":"BKN - HW EXP","Arrival time":"2023-12-01T04:05:00.000Z","Departure time":"2023-12-01T04:07:00.000Z","Delay":"10 Mins"}
{"Train_id":407,"Train_name":"BKN - HW EXP","Arrival time":"2023-12-01T06:25:00.000Z","Departure time":"2023-12-01T06:30:00.000Z","Delay":"15 Mins"}
{"Train_id":408,"Train_name":"BKN - HW EXP","Arrival time":"2023-12-01T08:06:00.000Z","Departure time":"2023-12-01T08:08:00.000Z","Delay":"25 Mins"}
{"Train_id":409,"Train_name":"BKN - HW EXP","Arrival time":"2023-12-01T08:47:00.000Z","Departure time":"2023-12-01T08:49:00.000Z","Delay":"15 Mins"}
{"Train_id":410,"Train_name":"HW - BKN EXP","Arrival time":"2023-12-01T10:25:00.000Z","Departure time":"2023-12-01T10:25:00.000Z","Delay":"40 Mins"}
{"Train_id":411,"Train_name":"HW - BKN EXP","Arrival time":"2023-12-01T19:50:00.000Z","Departure time":"2023-12-01T19:50:00.000Z"}
{"Train_id":412,"Train_name":"HW - BKN EXP","Arrival time":"2023-12-01T20:40:00.000Z","Departure time":"2023-12-01T20:42:00.000Z","Delay":"15 Mins"}
{"Train_id":413,"Train_name":"HW - BKN EXP","Arrival time":"2023-12-01T21:38:00.000Z","Departure time":"2023-12-01T21:40:00.000Z","Delay":"15 Mins"}
{"Train_id":414,"Train_name":"HW - BKN EXP","Arrival time":"2023-12-01T22:48:00.000Z","Departure time":"2023-12-01T22:53:00.000Z","Delay":"02 Hrs 02 Mins"}
{"Train_id":415,"Train_name":"HW - BKN EXP","Arrival time":"2023-12-01T00:56:00.000Z","Departure time":"2023-12-01T00:58:00.000Z","Delay":"15 Mins"}
{"Train_id":416,"Train_name":"HW - BKN EXP","Arrival time":"2023-12-01T01:25:00.000Z","Departure time":"2023-12-01T01:40:00.000Z","Delay":"15 Mins"}
{"Train_id":417,"Train_name":"HW - BKN EXP","Arrival time":"2023-12-01T03:17:00.000Z","Departure time":"2023-12-01T03:20:00.000Z","Delay":"10 Mins"}
{"Train_id":418,"Train_name":"HW - BKN EXP","Arrival time":"2023-12-01T04:07:00.000Z","Departure time":"2023-12-01T04:09:00.000Z","Delay":"15 Mins"}
{"Train_id":419,"Train_name":"HW - BKN EXP","Arrival time":"2023-12-01T04:40:00.000Z","Departure time":"2023-12-01T04:42:00.000Z","Delay":"25 Mins"}
{"Train_id":420,"Train_name":"HW - BKN EXP","Arrival time":"2023-12-01T05:20:00.000Z","Departure time":"2023-12-01T05:25:00.000Z","Delay":"15 Mins"}
{"Train_id":421,"Train_name":"HW - BKN EXP","Arrival time":"2023-12-01T06:10:00.000Z","Departure time":"2023-12-01T06:15:00.000Z","Delay":"40 Mins"}
{"Train_id":422,"Train_name":"HW - BKN EXP","Arrival time":"2023-12-01T06:50:00.000Z","Departure time":"2023-12-01T06:55:00.000Z","Delay":"15 Mins"}
{"Train_id":423,"Train_name":"HW - BKN EXP","Arrival time":"2023-12-01T07:10:00.000Z","Departure time":"2023-12-01T07:12:00.000Z","Delay":"01 Hr 32 Mins"}
{"Train_id":424,"Train_name":"HW - BKN EXP","Arrival time":"2023-12-01T08:03:00.000Z","Departure time":"2023-12-01T08:05:00.000Z","Delay":"40 Mins"}
{"Train_id":425,"Train_name":"HW - BKN EXP","Arrival time":"2023-12-01T08:23:00.000Z","Departure time":"2023-12-01T08:25:00.000Z","Delay":"15 Mins"}
{"Train_id":426,"Train_name":"PTK-JAT DEMU","Arrival time":"2023-12-01T14:48:00.000Z","Departure time":"2023-12-01T14:49:00.000Z","Delay":"10 Mins"}
{"Train_id":427,"Train_name":"PTK-JAT DEMU","Arrival time":"2023-12-01T14:56:00.000Z","Departure time":"2023-12-01T14:57:00.000Z","Delay":"12 Mins"}
{"Train_id":428,"Train_name":"PTK-JAT DEMU","Arrival time":"2023-12-01T15:06:00.000Z","Departure time":"2023-12-01T15:07:00.000Z","Delay":"15 Mins"}
{"Train_id":429,"Train_name":"PTK-JAT DEMU","Arrival time":"2023-12-01T15:16:00.000Z","Departure time":"2023-12-01T15:17:00.000Z"}
{"Train_id":430,"Train_name":"PTK-JAT DEMU","Arrival time":"2023-12-01T15:23:00.000Z","Departure time":"2023-12-01T15:30:00.000Z","Delay":"10 Mins"}
{"Train_id":431,"Train_name":"PTK-JAT DEMU","Arrival time":"2023-12-01T15:40:00.000Z","Departure time":"2023-12-01T15:41:00.000Z","Delay":"10 Mins"}
{"Train_id":432,"Train_name":"PTK-JAT DEMU","Arrival time":"2023-12-01T15:47:00.000Z","Departure time":"2023-12-01T15:48:00.000Z"}
{"Train_id":433,"Train_name":"PTK-JAT DEMU","Arrival time":"2023-12-01T15:53:00.000Z","Departure time":"2023-12-01T15:54:00.000Z","Delay":"10 Mins"}
{"Train_id":434,"Train_name":"PTK-JAT DEMU","Arrival time":"2023-12-01T16:01:00.000Z","Departure time":"2023-12-01T16:02:00.000Z","Delay":"15 Mins"}
{"Train_id":435,"Train_name":"PTK-JAT DEMU","Arrival time":"2023-12-01T16:10:00.000Z","Departure time":"2023-12-01T16:11:00.000Z","Delay":"01 Hr 32 Mins"}
{"Train_id":436,"Train_name":"PTK-JAT DEMU","Arrival time":"2023-12-01T16:28:00.000Z","Departure time":"2023-12-01T16:29:00.000Z","Delay":"40 Mins"}
{"Train_id":437,"Train_name":"PTK-JAT DEMU","Arrival time":"2023-12-01T16:43:00.000Z","Departure time":"2023-12-01T16:44:00.000Z","Delay":"15 Mins"}
{"Train_id":438,"Train_name":"PTK-JAT DEMU","Arrival time":"2023-12-01T17:10:00.000Z","Departure time":"2023-12-01T17:10:00.000Z","Delay":"10 Mins"}
{"Train_id":439,"Train_name":"JAT-PTK DEMU","Arrival time":"2023-12-01T09:50:00.000Z","Departure time":"2023-12-01T09:50:00.000Z","Delay":"12 Mins"}
{"Train_id":440,"Train_name":"JAT-PTK DEMU","Arrival time":"2023-12-01T10:03:00.000Z","Departure time":"2023-12-01T10:04:00.000Z","Delay":"15 Mins"}
{"Train_id":441,"Train_name":"JAT-PTK DEMU","Arrival time":"2023-12-01T10:16:00.000Z","Departure time":"2023-12-01T10:17:00.000Z"}
{"Train_id":442,"Train_name":"JAT-PTK DEMU","Arrival time":"2023-12-01T10:32:00.000Z","Departure time":"2023-12-01T10:33:00.000Z"}
{"Train_id":443,"Train_name":"JAT-PTK DEMU","Arrival time":"2023-12-01T10:45:00.000Z","Departure time":"2023-12-01T10:46:00.000Z","Delay":"15 Mins"}
{"Train_id":444,"Train_name":"JAT-PTK DEMU","Arrival time":"2023-12-01T10:55:00.000Z","Departure time":"2023-12-01T10:56:00.000Z","Delay":"01 Hr 32 Mins"}
{"Train_id":445,"Train_name":"JAT-PTK DEMU","Arrival time":"2023-12-01T11:01:00.000Z","Departure time":"2023-12-01T11:02:00.000Z","Delay":"40 Mins"}
{"Train_id":446,"Train_name":"JAT-PTK DEMU","Arrival time":"2023-12-01T11:07:00.000Z","Departure time":"2023-12-01T11:08:00.000Z","Delay":"15 Mins"}
{"Train_id":447,"Train_name":"JAT-PTK DEMU","Arrival time":"2023-12-01T11:16:00.000Z","Departure time":"2023-12-01T11:17:00.000Z","Delay":"10 Mins"}
{"Train_id":448,"Train_name":"JAT-PTK DEMU","Arrival time":"2023-12-01T11:28:00.000Z","Departure time":"2023-12-01T11:29:00.000Z","Delay":"12 Mins"}
{"Train_id":449,"Train_name":"JAT-PTK DEMU","Arrival time":"2023-12-01T11:40:00.000Z","Departure time":"2023-12-01T11:41:00.000Z","Delay":"15 Mins"}
{"Train_id":450,"Train_name":"JAT-PTK DEMU","Arrival time":"2023-12-01T11:50:00.000Z","Departure time":"2023-12-01T11:51:00.000Z"}
{"Train_id":451,"Train_name":"JAT-PTK DEMU","Arrival time":"2023-12-01T11:59:00.000Z","Departure time":"2023-12-01T12:00:00.000Z","Delay":"10 Mins"}
{"Train_id":452,"Train_name":"JAT-PTK DEMU","Arrival time":"2023-12-01T12:10:00.000Z","Departure time":"2023-12-01T12:10:00.000Z"}
{"Train_id":453,"Train_name":"GKP - BNY SP","Arrival time":"2023-12-01T06:45:00.000Z","Departure time":"2023-12-01T06:45:00.000Z","Delay":"15 Mins"}
{"Train_id":454,"Train_name":"GKP - BNY SP","Arrival time":"2023-12-01T08:05:00.000Z","Departure time":"2023-12-01T08:10:00.000Z","Delay":"01 Hr 32 Mins"}
{"Train_id":455,"Train_name":"GKP - BNY SP","Arrival time":"2023-12-01T08:42:00.000Z","Departure time":"2023-12-01T08:44:00.000Z","Delay":"40 Mins"}
{"Train_id":456,"Train_name":"GKP - BNY SP","Arrival time":"2023-12-01T09:05:00.000Z","Departure time":"2023-12-01T09:07:00.000Z","Delay":"15 Mins"}
{"Train_id":457,"Train_name":"GKP - BNY SP","Arrival time":"2023-12-01T09:50:00.000Z","Departure time":"2023-12-01T09:50:00.000Z","Delay":"10 Mins"}
{"Train_id":458,"Train_name":"PUSHPAK SF E","Arrival time":"2023-12-01T07:22:00.000Z","Departure time":"2023-12-01T07:25:00.000Z","Delay":"12 Mins"}
{"Train_id":459,"Train_name":"GARIB RATH","Arrival time":"2023-12-01T08:40:00.000Z","Departure time":"2023-12-01T08:40:00.000Z","Delay":"15 Mins"}
{"Train_id":460,"Train_name":"GARIB RATH","Arrival time":"2023-12-01T14:10:00.000Z","Departure time":"2023-12-01T14:10:00.000Z","Delay":"15 Mins"}
{"Train_id":461,"Train_name":"GARIB RATH","Arrival time":"2023-12-01T15:45:00.000Z","Departure time":"2023-12-01T15:50:00.000Z","Delay":"40 Mins"}
{"Train_id":462,"Train_name":"GARIB RATH","Arrival time":"2023-12-01T17:55:00.000Z","Departure time":"2023-12-01T18:03:00.000Z","Delay":"13 Mins"}
{"Train_id":463,"Train_name":"GARIB RATH","Arrival time":"2023-12-01T18:23:00.000Z","Departure time":"2023-12-01T18:25:00.000Z","Delay":"15 Mins"}
{"Train_id":464,"Train_name":"GARIB RATH","Arrival time":"2023-12-01T19:21:00.000Z","Departure time":"2023-12-01T19:23:00.000Z","Delay":"15 Mins"}
{"Train_id":465,"Train_name":"GARIB RATH","Arrival time":"2023-12-01T21:45:00.000Z","Departure time":"2023-12-01T21:55:00.000Z","Delay":"10 Mins"}
{"Train_id":466,"Train_name":"GARIB RATH","Arrival time":"2023-12-01T23:30:00.000Z","Departure time":"2023-12-01T23:35:00.000Z","Delay":"15 Mins"}
{"Train_id":467,"Train_name":"GARIB RATH","Arrival time":"2023-12-01T01:53:00.000Z","Departure time":"2023-12-01T01:55:00.000Z","Delay":"15 Mins"}
{"Train_id":468,"Train_name":"GARIB RATH","Arrival time":"2023-12-01T02:35:00.000Z","Departure time":"2023-12-01T02:40:00.000Z","Delay":"01 Hr 32 Mins"}
{"Train_id":469,"Train_name":"GARIB RATH","Arrival time":"2023-12-01T03:20:00.000Z","Departure time":"2023-12-01T03:25:00.000Z","Delay":"40 Mins"}
{"Train_id":470,"Train_name":"GARIB RATH","Arrival time":"2023-12-01T05:15:00.000Z","Departure time":"2023-12-01T05:25:00.000Z","Delay":"15 Mins"}
{"Train_id":471,"Train_name":"GARIB RATH","Arrival time":"2023-12-01T06:08:00.000Z","Departure time":"2023-12-01T06:10:00.000Z","Delay":"10 Mins"}
{"Train_id":472,"Train_name":"GARIB RATH","Arrival time":"2023-12-01T07:15:00.000Z","Departure time":"2023-12-01T07:15:00.000Z","Delay":"12 Mins"}
{"Train_id":473,"Train_name":"GARIB RATH","Arrival time":"2023-12-01T12:20:00.000Z","Departure time":"2023-12-01T12:20:00.000Z","Delay":"15 Mins"}
{"Train_id":474,"Train_name":"GARIB RATH","Arrival time":"2023-12-01T13:13:00.000Z","Departure time":"2023-12-01T13:15:00.000Z"}
{"Train_id":475,"Train_name":"GARIB RATH","Arrival time":"2023-12-01T14:20:00.000Z","Departure time":"2023-12-01T14:30:00.000Z"}
{"Train_id":476,"Train_name":"GARIB RATH","Arrival time":"2023-12-01T15:55:00.000Z","Departure time":"2023-12-01T15:57:00.000Z","Delay":"15 Mins"}
{"Train_id":477,"Train_name":"GARIB RATH","Arrival time":"2023-12-01T16:50:00.000Z","Departure time":"2023-12-01T16:55:00.000Z","Delay":"01 Hr 32 Mins"}
{"Train_id":478,"Train_name":"GARIB RATH","Arrival time":"2023-12-01T17:40:00.000Z","Departure time":"2023-12-01T17:42:00.000Z","Delay":"40 Mins"}
{"Train_id":479,"Train_name":"GARIB RATH","Arrival time":"2023-12-01T20:15:00.000Z","Departure time":"2023-12-01T20:20:00.000Z","Delay":"15 Mins"}
{"Train_id":480,"Train_name":"GARIB RATH","Arrival time":"2023-12-01T21:35:00.000Z","Departure time":"2023-12-01T21:40:00.000Z","Delay":"10 Mins"}
{"Train_id":481,"Train_name":"GARIB RATH","Arrival time":"2023-12-01T23:38:00.000Z","Departure time":"2023-12-01T23:40:00.000Z","Delay":"12 Mins"}
{"Train_id":482,"Train_name":"GARIB RATH","Arrival time":"2023-12-01T00:37:00.000Z","Departure time":"2023-12-01T00:45:00.000Z","Delay":"15 Mins"}
{"Train_id":483,"Train_name":"GARIB RATH","Arrival time":"2023-12-01T03:30:00.000Z","Departure time":"2023-12-01T03:40:00.000Z","Delay":"15 Mins"}
{"Train_id":484,"Train_name":"GARIB RATH","Arrival time":"2023-12-01T05:05:00.000Z","Departure time":"2023-12-01T05:05:00.000Z","Delay":"40 Mins"}
{"Train_id":485,"Train_name":"SBC-NDLS KAR","Arrival time":"2023-12-01T12:07:00.000Z","Departure time":"2023-12-01T12:10:00.000Z","Delay":"13 Mins"}
{"Train_id":486,"Train_name":"SBC-NDLS KAR","Arrival time":"2023-12-01T13:05:00.000Z","Departure time":"2023-12-01T13:07:00.000Z","Delay":"15 Mins"}
{"Train_id":487,"Train_name":"SBC-NDLS KAR","Arrival time":"2023-12-01T13:48:00.000Z","Departure time":"2023-12-01T13:50:00.000Z","Delay":"15 Mins"}
{"Train_id":488,"Train_name":"SBC-NDLS KAR","Arrival time":"2023-12-01T14:50:00.000Z","Departure time":"2023-12-01T14:55:00.000Z","Delay":"10 Mins"}
{"Train_id":489,"Train_name":"SBC-NDLS KAR","Arrival time":"2023-12-01T16:38:00.000Z","Departure time":"2023-12-01T16:40:00.000Z","Delay":"15 Mins"}
{"Train_id":490,"Train_name":"SBC-NDLS KAR","Arrival time":"2023-12-01T17:10:00.000Z","Departure time":"2023-12-01T17:20:00.000Z","Delay":"15 Mins"}
{"Train_id":491,"Train_name":"SBC-NDLS KAR","Arrival time":"2023-12-01T18:03:00.000Z","Departure time":"2023-12-01T18:05:00.000Z","Delay":"01 Hr 32 Mins"}
{"Train_id":492,"Train_name":"SBC-NDLS KAR","Arrival time":"2023-12-01T19:30:00.000Z","Departure time":"2023-12-01T19:35:00.000Z","Delay":"40 Mins"}
{"Train_id":493,"Train_name":"SBC-NDLS KAR","Arrival time":"2023-12-01T21:45:00.000Z","Departure time":"2023-12-01T21:55:00.000Z","Delay":"15 Mins"}
{"Train_id":494,"Train_name":"SBC-NDLS KAR","Arrival time":"2023-12-01T23:25:00.000Z","Departure time":"2023-12-01T23:30:00.000Z","Delay":"10 Mins"}
{"Train_id":495,"Train_name":"SBC-NDLS KAR","Arrival time":"2023-12-01T01:30:00.000Z","Departure time":"2023-12-01T01:32:00.000Z","Delay":"12 Mins"}
{"Train_id":496,"Train_name":"SBC-NDLS KAR","Arrival time":"2023-12-01T03:33:00.000Z","Departure time":"2023-12-01T03:45:00.000Z","Delay":"15 Mins"}
{"Train_id":497,"Train_name":"SBC-NDLS KAR","Arrival time":"2023-12-01T04:55:00.000Z","Departure time":"2023-12-01T05:00:00.000Z","Delay":"10 Mins"}
{"Train_id":498,"Train_name":"SBC-NDLS KAR","Arrival time":"2023-12-01T06:40:00.000Z","Departure time":"2023-12-01T06:45:00.000Z","Delay":"10 Mins"}
{"Train_id":499,"Train_name":"SBC-NDLS KAR","Arrival time":"2023-12-01T07:35:00.000Z","Departure time":"2023-12-01T07:37:00.000Z","Delay":"10 Mins"}
{"Train_id":500,"Train_name":"SBC-NDLS KAR","Arrival time":"2023-12-01T09:55:00.000Z","Departure time":"2023-12-01T09:57:00.000Z","Delay":"10 Mins"}
