{"Train_id":101,"Train_name":"SWV-MAO-VLNK","Seats_available":"yes","Cleanliness":"yes","Status ":"delay","Satisfaction":"Satisfied"}
{"Train_id":102,"Train_name":"SWV-MAO-VLNK","Seats_available":"no","Cleanliness":"yes","Status ":"delay","Satisfaction":"Neutral"}
{"Train_id":103,"Train_name":"SWV-MAO-VLNK","Seats_available":"yes","Cleanliness":"yes","Status ":"delay","Satisfaction":"Satisfied"}
{"Train_id":104,"Train_name":"SWV-MAO-VLNK","Seats_available":"yes","Cleanliness":"yes","Status ":"delay","Satisfaction":"Satisfied"}
{"Train_id":105,"Train_name":"VLNK-MAO-SWV","Seats_available":"yes","Cleanliness":"yes","Status ":"delay","Satisfaction":"Satisfied"}
{"Train_id":106,"Train_name":"VLNK-MAO-SWV","Seats_available":"yes","Cleanliness":"yes","Status ":"delay","Satisfaction":"Satisfied"}
{"Train_id":107,"Train_name":"VLNK-MAO-SWV","Seats_available":"yes","Cleanliness":"yes","Status ":"delay","Satisfaction":"Satisfied"}
{"Train_id":108,"Train_name":"MAO-KOP SPEC","Seats_available":"yes","Cleanliness":"yes","Status ":"delay","Satisfaction":"Satisfied"}
{"Train_id":109,"Train_name":"MAO-KOP SPEC","Seats_available":"yes","Cleanliness":"no","Status ":"delay","Satisfaction":"Neutral"}
{"Train_id":110,"Train_name":"MAO-KOP SPEC","Seats_available":"no","Cleanliness":"yes","Status ":"delay","Satisfaction":"Neutral"}
{"Train_id":111,"Train_name":"PALACE ON WH","Seats_available":"no","Cleanliness":"yes","Status ":"delay","Satisfaction":"Neutral"}
{"Train_id":112,"Train_name":"PALACE ON WH","Seats_available":"no","Cleanliness":"yes","Status ":"delay","Satisfaction":"Neutral"}
{"Train_id":113,"Train_name":"PALACE ON WH","Seats_available":"yes","Cleanliness":"yes","Status ":"delay","Satisfaction":"Satisfied"}
{"Train_id":114,"Train_name":"PALACE ON WH","Seats_available":"yes","Cleanliness":"yes","Status ":"on time","Satisfaction":"Satisfied"}
{"Train_id":115,"Train_name":"PALACE ON WH","Seats_available":"yes","Cleanliness":"yes","Status ":"on time ","Satisfaction":"Satisfied"}
{"Train_id":116,"Train_name":"PALACE ON WH","Seats_available":"yes","Cleanliness":"yes","Status ":"on time","Satisfaction":"Satisfied"}
{"Train_id":117,"Train_name":"PALACE ON WH","Seats_available":"yes","Cleanliness":"no","Status ":"delay","Satisfaction":"Neutral"}
{"Train_id":118,"Train_name":"BSB BHARATDA","Seats_available":"yes","Cleanliness":"no","Status ":"delay","Satisfaction":"Neutral"}
{"Train_id":119,"Train_name":"BSB BHARATDA","Seats_available":"no","Cleanliness":"no","Status ":"delay","Satisfaction":"Neutral"}
{"Train_id":120,"Train_name":"BSB BHARATDA","Seats_available":"no","Cleanliness":"yes","Status ":"delay","Satisfaction":"Neutral"}
{"Train_id":121,"Train_name":"BSB BHARATDA","Seats_available":"no","Cleanliness":"yes","Status ":"delay","Satisfaction":"Neutral"}
{"Train_id":122,"Train_name":"BSB BHARATDA","Seats_available":"yes","Cleanliness":"yes","Status ":"delay","Satisfaction":"Satisfied"}
{"Train_id":123,"Train_name":"LKO-SVDK FTR","Seats_available":"yes","Cleanliness":"yes","Status ":"delay","Satisfaction":"Satisfied"}
{"Train_id":124,"Train_name":"LKO-SVDK FTR","Seats_available":"yes","Cleanliness":"yes","Status ":"delay","Satisfaction":"Satisfied"}
{"Train_id":125,"Train_name":"LKO-SVDK FTR","Seats_available":"yes","Cleanliness":"yes","Status ":"delay","Satisfaction":"Satisfied"}
{"Train_id":126,"Train_name":"LKO-SVDK FTR","Seats_available":"yes","Cleanliness":"no","Status ":"delay","Satisfaction":"Neutral"}
{"Train_id":127,"Train_name":"LKO-SVDK FTR","Seats_available":"yes","Cleanliness":"no","Status ":"delay","Satisfaction":"Neutral"}
{"Train_id":128,"Train_name":"LKO-SVDK FTR","Seats_available":"yes","Cleanliness":"no","Status ":"delay","Satisfaction":"Neutral"}
{"Train_id":129,"Train_name":"LKO-SVDK FTR","Seats_available":"no","Cleanliness":"yes","Status ":"delay","Satisfaction":"Neutral"}
{"Train_id":130,"Train_name":"SVDK-LKO FTR","Seats_available":"no","Cleanliness":"yes","Status ":"delay","Satisfaction":"Neutral"}
{"Train_id":131,"Train_name":"SVDK-LKO FTR","Seats_available":"no","Cleanliness":"no","Status ":"delay","Satisfaction":"Neutral"}
{"Train_id":132,"Train_name":"SVDK-LKO FTR","Seats_available":"yes","Cleanliness":"no","Status ":"delay","Satisfaction":"Neutral"}
{"Train_id":133,"Train_name":"SVDK-LKO FTR","Seats_available":"yes","Cleanliness":"no","Status ":"delay","Satisfaction":"Neutral"}
{"Train_id":134,"Train_name":"SVDK-LKO FTR","Seats_available":"yes","Cleanliness":"yes","Status ":"delay","Satisfaction":"Satisfied"}
{"Train_id":135,"Train_name":"FTR TRAIN NO","Seats_available":"yes","Cleanliness":"yes","Status ":"delay","Satisfaction":"Satisfied"}
{"Train_id":136,"Train_name":"FTR TRAIN NO","Seats_available":"yes","Cleanliness":"yes","Status ":"delay","Satisfaction":"Satisfied"}
{"Train_id":137,"Train_name":"FTR TRAIN NO","Seats_available":"yes","Cleanliness":"yes","Status ":"delay","Satisfaction":"Satisfied"}
{"Train_id":138,"Train_name":"FTR TRAIN NO","Seats_available":"yes","Cleanliness":"yes","Status ":"delay","Satisfaction":"Satisfied"}
{"Train_id":139,"Train_name":"FTR TRAIN NO","Seats_available":"yes","Cleanliness":"yes","Status ":"delay","Satisfaction":"Satisfied"}
{"Train_id":140,"Train_name":"FTR TRAIN NO","Seats_available":"yes","Cleanliness":"yes","Status ":"delay","Satisfaction":"Satisfied"}
{"Train_id":141,"Train_name":"FTR TRAIN NO","Seats_available":"yes","Cleanliness":"yes","Status ":"on time","Satisfaction":"Satisfied"}
{"Train_id":142,"Train_name":"FTR TRAIN NO","Seats_available":"yes","Cleanliness":"no","Status ":"delay","Satisfaction":"Neutral"}
{"Train_id":143,"Train_name":"FTR TRAIN NO","Seats_available":"yes","Cleanliness":"no","Status ":"on time","Satisfaction":"Neutral"}
{"Train_id":144,"Train_name":"RJPB-UMB FTR","Seats_available":"yes","Cleanliness":"no","Status ":"delay","Satisfaction":"Neutral"}
{"Train_id":145,"Train_name":"RJPB-UMB FTR","Seats_available":"no","Cleanliness":"yes","Status ":"delay","Satisfaction":"Neutral"}
{"Train_id":146,"Train_name":"RJPB-UMB FTR","Seats_available":"no","Cleanliness":"yes","Status ":"on time","Satisfaction":"Neutral"}
{"Train_id":147,"Train_name":"RJPB-UMB FTR","Seats_available":"no","Cleanliness":"yes","Status ":"delay","Satisfaction":"Neutral"}
{"Train_id":148,"Train_name":"RJPB-UMB FTR","Seats_available":"yes","Cleanliness":"yes","Status ":"delay","Satisfaction":"Satisfied"}
{"Train_id":149,"Train_name":"RJPB-UMB FTR","Seats_available":"yes","Cleanliness":"yes","Status ":"delay","Satisfaction":"Satisfied"}
{"Train_id":150,"Train_name":"RJPB-UMB FTR","Seats_available":"yes","Cleanliness":"yes","Status ":"delay","Satisfaction":"Satisfied"}
{"Train_id":151,"Train_name":"RJPB-UMB FTR","Seats_available":"yes","Cleanliness":"yes","Status ":"delay","Satisfaction":"Satisfied"}
{"Train_id":152,"Train_name":"RJPB-UMB FTR","Seats_available":"yes","Cleanliness":"yes","Status ":"delay","Satisfaction":"Satisfied"}
{"Train_id":153,"Train_name":"PNBE-BTI FTR","Seats_available":"yes","Cleanliness":"yes","Status ":"on time","Satisfaction":"Satisfied"}
{"Train_id":154,"Train_name":"PNBE-BTI FTR","Seats_available":"yes","Cleanliness":"yes","Status ":"on time","Satisfaction":"Satisfied"}
{"Train_id":155,"Train_name":"PNBE-BTI FTR","Seats_available":"yes","Cleanliness":"yes","Status ":"delay","Satisfaction":"Satisfied"}
{"Train_id":156,"Train_name":"PNBE-PTA FTR","Seats_available":"yes","Cleanliness":"yes","Status ":"delay","Satisfaction":"Satisfied"}
{"Train_id":157,"Train_name":"PNBE-PTA FTR","Seats_available":"yes","Cleanliness":"yes","Status ":"delay","Satisfaction":"Satisfied"}
{"Train_id":158,"Train_name":"PNBE-PTA FTR","Seats_available":"yes","Cleanliness":"yes","Status ":"delay","Satisfaction":"Satisfied"}
{"Train_id":159,"Train_name":"RSD-PJP BSF","Seats_available":"yes","Cleanliness":"yes","Status ":"delay","Satisfaction":"Satisfied"}
{"Train_id":160,"Train_name":"RSD-PJP BSF","Seats_available":"yes","Cleanliness":"yes","Status ":"delay","Satisfaction":"Satisfied"}
{"Train_id":161,"Train_name":"PNBE-ASR FTR","Seats_available":"yes","Cleanliness":"yes","Status ":"delay","Satisfaction":"Satisfied"}
{"Train_id":162,"Train_name":"PNBE-ASR FTR","Seats_available":"no","Cleanliness":"no","Status ":"delay","Satisfaction":"Dissatisfied"}
{"Train_id":163,"Train_name":"PNBE-ASR FTR","Seats_available":"no","Cleanliness":"no","Status ":"delay","Satisfaction":"Dissatisfied"}
{"Train_id":164,"Train_name":"CSMT-NGP SF","Seats_available":"no","Cleanliness":"no","Status ":"delay","Satisfaction":"Dissatisfied"}
{"Train_id":165,"Train_name":"CSMT-NGP SF","Seats_available":"yes","Cleanliness":"yes","Status ":"delay","Satisfaction":"Satisfied"}
{"Train_id":166,"Train_name":"CSMT-NGP SF","Seats_available":"yes","Cleanliness":"yes","Status ":"delay","Satisfaction":"Satisfied"}
{"Train_id":167,"Train_name":"CSMT-NGP SF","Seats_available":"yes","Cleanliness":"yes","Status ":"delay","Satisfaction":"Satisfied"}
{"Train_id":168,"Train_name":"CSMT-NGP SF","Seats_available":"yes","Cleanliness":"yes","Status ":"delay","Satisfaction":"Satisfied"}
{"Train_id":169,"Train_name":"CSMT-NGP SF","Seats_available":"yes","Cleanliness":"yes","Status ":"delay","Satisfaction":"Satisfied"}
{"Train_id":170,"Train_name":"CSMT-NGP SF","Seats_available":"no","Cleanliness":"no","Status ":"delay","Satisfaction":"Dissatisfied"}
{"Train_id":171,"Train_name":"CSMT-NGP SF","Seats_available":"no","Cleanliness":"no","Status ":"delay","Satisfaction":"Dissatisfied"}
{"Train_id":172,"Train_name":"CSMT-NGP SF","Seats_available":"no","Cleanliness":"no","Status ":"delay","Satisfaction":"Dissatisfied"}
{"Train_id":173,"Train_name":"CSMT-NGP SF","Seats_available":"yes","Cleanliness":"yes","Status ":"delay","Satisfaction":"Satisfied"}
{"Train_id":174,"Train_name":"CSMT-NGP SF","Seats_available":"yes","Cleanliness":"yes","Status ":"delay","Satisfaction":"Satisfied"}
{"Train_id":175,"Train_name":"CSMT-NGP SF","Seats_available":"yes","Cleanliness":"no","Status ":"delay","Satisfaction":"Neutral"}
{"Train_id":176,"Train_name":"CSMT-NGP SF","Seats_available":"no","Cleanliness":"no","Status ":"delay","Satisfaction":"Dissatisfied"}
{"Train_id":177,"Train_name":"CSMT-NGP SF","Seats_available":"no","Cleanliness":"no","Status ":"delay","Satisfaction":"Dissatisfied"}
{"Train_id":178,"Train_name":"CSMT-NGP SF","Seats_available":"no","Cleanliness":"no","Status ":"delay","Satisfaction":"Dissatisfied"}
{"Train_id":179,"Train_name":"CSMT-NGP SF","Seats_available":"no","Cleanliness":"yes","Status ":"delay","Satisfaction":"Neutral"}
{"Train_id":180,"Train_name":"CSMT-NGP SF","Seats_available":"yes","Cleanliness":"yes","Status ":"delay","Satisfaction":"Neutral"}
{"Train_id":181,"Train_name":"CSMT-NGP SF","Seats_available":"no","Cleanliness":"yes","Status ":"delay","Satisfaction":"Neutral"}
{"Train_id":182,"Train_name":"LTT-SWV SPL","Seats_available":"yes","Cleanliness":"yes","Status ":"delay","Satisfaction":"Neutral"}
{"Train_id":183,"Train_name":"LTT-SWV SPL","Seats_available":"yes","Cleanliness":"no","Status ":"delay","Satisfaction":"Neutral"}
{"Train_id":184,"Train_name":"LTT-SWV SPL","Seats_available":"yes","Cleanliness":"no","Status ":"delay","Satisfaction":"Neutral"}
{"Train_id":185,"Train_name":"LTT-SWV SPL","Seats_available":"yes","Cleanliness":"yes","Status ":"delay","Satisfaction":"Satisfied"}
{"Train_id":186,"Train_name":"LTT-SWV SPL","Seats_available":"yes","Cleanliness":"no","Status ":"delay","Satisfaction":"Neutral"}
{"Train_id":187,"Train_name":"LTT-SWV SPL","Seats_available":"yes","Cleanliness":"yes","Status ":"delay","Satisfaction":"Neutral"}
{"Train_id":188,"Train_name":"LTT-SWV SPL","Seats_available":"yes","Cleanliness":"yes","Status ":"delay","Satisfaction":"Neutral"}
{"Train_id":189,"Train_name":"LTT-SWV SPL","Seats_available":"no","Cleanliness":"yes","Status ":"delay","Satisfaction":"Neutral"}
{"Train_id":190,"Train_name":"LTT-SWV SPL","Seats_available":"no","Cleanliness":"yes","Status ":"on time","Satisfaction":"Neutral"}
{"Train_id":191,"Train_name":"LTT-SWV SPL","Seats_available":"no","Cleanliness":"yes","Status ":"on time","Satisfaction":"Neutral"}
{"Train_id":192,"Train_name":"LTT-SWV SPL","Seats_available":"yes","Cleanliness":"yes","Status ":"delay","Satisfaction":"Satisfied"}
{"Train_id":193,"Train_name":"SWV-LTT SPL","Seats_available":"yes","Cleanliness":"yes","Status ":"delay","Satisfaction":"Satisfied"}
{"Train_id":194,"Train_name":"SWV-LTT SPL","Seats_available":"yes","Cleanliness":"no","Status ":"delay","Satisfaction":"Neutral"}
{"Train_id":195,"Train_name":"SWV-LTT SPL","Seats_available":"yes","Cleanliness":"no","Status ":"delay","Satisfaction":"Neutral"}
{"Train_id":196,"Train_name":"SWV-LTT SPL","Seats_available":"yes","Cleanliness":"no","Status ":"delay","Satisfaction":"Neutral"}
{"Train_id":197,"Train_name":"SWV-LTT SPL","Seats_available":"yes","Cleanliness":"yes","Status ":"delay","Satisfaction":"Satisfied"}
{"Train_id":198,"Train_name":"SWV-LTT SPL","Seats_available":"no","Cleanliness":"yes","Status ":"on time","Satisfaction":"Neutral"}
{"Train_id":199,"Train_name":"SWV-LTT SPL","Seats_available":"no","Cleanliness":"yes","Status ":"delay","Satisfaction":"Neutral"}
{"Train_id":200,"Train_name":"SWV-LTT SPL","Seats_available":"yes","Cleanliness":"yes","Status ":"delay","Satisfaction":"Satisfied"}
{"Train_id":201,"Train_name":"SWV-LTT SPL","Seats_available":"no","Cleanliness":"yes","Status ":"on time","Satisfaction":"Neutral"}
{"Train_id":202,"Train_name":"SWV-LTT SPL","Seats_available":"yes","Cleanliness":"no","Status ":"delay","Satisfaction":"Neutral"}
{"Train_id":203,"Train_name":"LTT-KRMI SPL","Seats_available":"yes","Cleanliness":"yes","Status ":"delay","Satisfaction":"Satisfied"}
{"Train_id":204,"Train_name":"LTT-KRMI SPL","Seats_available":"yes","Cleanliness":"no","Status ":"delay","Satisfaction":"Neutral"}
{"Train_id":205,"Train_name":"LTT-KRMI SPL","Seats_available":"yes","Cleanliness":"yes","Status ":"delay","Satisfaction":"Satisfied"}
{"Train_id":206,"Train_name":"LTT-KRMI SPL","Seats_available":"yes","Cleanliness":"yes","Status ":"delay","Satisfaction":"Satisfied"}
{"Train_id":207,"Train_name":"LTT-KRMI SPL","Seats_available":"yes","Cleanliness":"yes","Status ":"on time","Satisfaction":"Satisfied"}
{"Train_id":208,"Train_name":"LTT-KRMI SPL","Seats_available":"yes","Cleanliness":"yes","Status ":"delay","Satisfaction":"Satisfied"}
{"Train_id":209,"Train_name":"LTT-KRMI SPL","Seats_available":"no","Cleanliness":"yes","Status ":"delay","Satisfaction":"Neutral"}
{"Train_id":210,"Train_name":"LTT-KRMI SPL","Seats_available":"no","Cleanliness":"yes","Status ":"on time","Satisfaction":"Neutral"}
{"Train_id":211,"Train_name":"LTT-KRMI SPL","Seats_available":"no","Cleanliness":"yes","Status ":"on time","Satisfaction":"Neutral"}
{"Train_id":212,"Train_name":"LTT-KRMI SPL","Seats_available":"yes","Cleanliness":"no","Status ":"delay","Satisfaction":"Neutral"}
{"Train_id":213,"Train_name":"LTT-KRMI SPL","Seats_available":"yes","Cleanliness":"no","Status ":"delay","Satisfaction":"Neutral"}
{"Train_id":214,"Train_name":"KRMI-CSMT SP","Seats_available":"yes","Cleanliness":"no","Status ":"delay","Satisfaction":"Neutral"}
{"Train_id":215,"Train_name":"KRMI-CSMT SP","Seats_available":"yes","Cleanliness":"yes","Status ":"delay","Satisfaction":"Satisfied"}
{"Train_id":216,"Train_name":"KRMI-CSMT SP","Seats_available":"yes","Cleanliness":"yes","Status ":"on time","Satisfaction":"Satisfied"}
{"Train_id":217,"Train_name":"KRMI-CSMT SP","Seats_available":"no","Cleanliness":"yes","Status ":"delay","Satisfaction":"Neutral"}
{"Train_id":218,"Train_name":"KRMI-CSMT SP","Seats_available":"yes","Cleanliness":"yes","Status ":"delay","Satisfaction":"Satisfied"}
{"Train_id":219,"Train_name":"KRMI-CSMT SP","Seats_available":"no","Cleanliness":"yes","Status ":"delay","Satisfaction":"Neutral"}
{"Train_id":220,"Train_name":"KRMI-CSMT SP","Seats_available":"yes","Cleanliness":"yes","Status ":"delay","Satisfaction":"Neutral"}
{"Train_id":221,"Train_name":"KRMI-CSMT SP","Seats_available":"yes","Cleanliness":"no","Status ":"delay","Satisfaction":"Neutral"}
{"Train_id":222,"Train_name":"KRMI-CSMT SP","Seats_available":"yes","Cleanliness":"yes","Status ":"delay","Satisfaction":"Satisfied"}
{"Train_id":223,"Train_name":"KRMI-CSMT SP","Seats_available":"yes","Cleanliness":"yes","Status ":"delay","Satisfaction":"Satisfied"}
{"Train_id":224,"Train_name":"KRMI-CSMT SP","Seats_available":"yes","Cleanliness":"yes","Status ":"delay","Satisfaction":"Satisfied"}
{"Train_id":225,"Train_name":"KRMI-CSMT SP","Seats_available":"yes","Cleanliness":"yes","Status ":"delay","Satisfaction":"Satisfied"}
{"Train_id":226,"Train_name":"KRMI-CSMT SP","Seats_available":"yes","Cleanliness":"yes","Status ":"on time","Satisfaction":"Satisfied"}
{"Train_id":227,"Train_name":"KRMI-CSMT SP","Seats_available":"no","Cleanliness":"yes","Status ":"delay","Satisfaction":"Neutral"}
{"Train_id":228,"Train_name":"NGP-KRMI SPL","Seats_available":"no","Cleanliness":"yes","Status ":"delay","Satisfaction":"Neutral"}
{"Train_id":229,"Train_name":"NGP-KRMI SPL","Seats_available":"no","Cleanliness":"no","Status ":"delay","Satisfaction":"Neutral"}
{"Train_id":230,"Train_name":"NGP-KRMI SPL","Seats_available":"yes","Cleanliness":"no","Status ":"delay","Satisfaction":"Neutral"}
{"Train_id":231,"Train_name":"NGP-KRMI SPL","Seats_available":"yes","Cleanliness":"no","Status ":"delay","Satisfaction":"Neutral"}
{"Train_id":232,"Train_name":"NGP-KRMI SPL","Seats_available":"yes","Cleanliness":"yes","Status ":"delay","Satisfaction":"Satisfied"}
{"Train_id":233,"Train_name":"NGP-KRMI SPL","Seats_available":"yes","Cleanliness":"yes","Status ":"delay","Satisfaction":"Satisfied"}
{"Train_id":234,"Train_name":"NGP-KRMI SPL","Seats_available":"yes","Cleanliness":"yes","Status ":"delay","Satisfaction":"Satisfied"}
{"Train_id":235,"Train_name":"NGP-KRMI SPL","Seats_available":"yes","Cleanliness":"yes","Status ":"delay","Satisfaction":"Satisfied"}
{"Train_id":236,"Train_name":"NGP-KRMI SPL","Seats_available":"no","Cleanliness":"yes","Status ":"delay","Satisfaction":"Neutral"}
{"Train_id":237,"Train_name":"NGP-KRMI SPL","Seats_available":"yes","Cleanliness":"yes","Status ":"delay","Satisfaction":"Neutral"}
{"Train_id":238,"Train_name":"NGP-KRMI SPL","Seats_available":"yes","Cleanliness":"yes","Status ":"delay","Satisfaction":"Satisfied"}
{"Train_id":239,"Train_name":"NGP-KRMI SPL","Seats_available":"yes","Cleanliness":"no","Status ":"delay","Satisfaction":"Neutral"}
{"Train_id":240,"Train_name":"NGP-KRMI SPL","Seats_available":"yes","Cleanliness":"yes","Status ":"delay","Satisfaction":"Satisfied"}
{"Train_id":241,"Train_name":"NGP-KRMI SPL","Seats_available":"yes","Cleanliness":"yes","Status ":"delay","Satisfaction":"Satisfied"}
{"Train_id":242,"Train_name":"NGP-KRMI SPL","Seats_available":"yes","Cleanliness":"yes","Status ":"delay","Satisfaction":"Satisfied"}
{"Train_id":243,"Train_name":"NGP-KRMI SPL","Seats_available":"yes","Cleanliness":"yes","Status ":"delay","Satisfaction":"Neutral"}
{"Train_id":244,"Train_name":"PUNE-MAJN WE","Seats_available":"no","Cleanliness":"yes","Status ":"delay","Satisfaction":"Neutral"}
{"Train_id":245,"Train_name":"PUNE-MAJN WE","Seats_available":"no","Cleanliness":"yes","Status ":"delay","Satisfaction":"Neutral"}
{"Train_id":246,"Train_name":"PUNE-MAJN WE","Seats_available":"no","Cleanliness":"yes","Status ":"delay","Satisfaction":"Neutral"}
{"Train_id":247,"Train_name":"PUNE-MAJN WE","Seats_available":"yes","Cleanliness":"no","Status ":"delay","Satisfaction":"Neutral"}
{"Train_id":248,"Train_name":"PUNE-MAJN WE","Seats_available":"yes","Cleanliness":"no","Status ":"delay","Satisfaction":"Neutral"}
{"Train_id":249,"Train_name":"PUNE-MAJN WE","Seats_available":"yes","Cleanliness":"no","Status ":"delay","Satisfaction":"Neutral"}
{"Train_id":250,"Train_name":"PUNE-MAJN WE","Seats_available":"yes","Cleanliness":"yes","Status ":"delay","Satisfaction":"Satisfied"}
{"Train_id":251,"Train_name":"PUNE-MAJN WE","Seats_available":"yes","Cleanliness":"yes","Status ":"delay","Satisfaction":"Satisfied"}
{"Train_id":252,"Train_name":"PUNE-MAJN WE","Seats_available":"yes","Cleanliness":"yes","Status ":"delay","Satisfaction":"Satisfied"}
{"Train_id":253,"Train_name":"PUNE-MAJN WE","Seats_available":"yes","Cleanliness":"yes","Status ":"delay","Satisfaction":"Satisfied"}
{"Train_id":254,"Train_name":"PUNE-MAJN WE","Seats_available":"no","Cleanliness":"yes","Status ":"delay","Satisfaction":"Neutral"}
{"Train_id":255,"Train_name":"PUNE-MAJN WE","Seats_available":"yes","Cleanliness":"yes","Status ":"on time","Satisfaction":"Satisfied"}
{"Train_id":256,"Train_name":"PUNE-MAJN WE","Seats_available":"yes","Cleanliness":"yes","Status ":"delay","Satisfaction":"Satisfied"}
{"Train_id":257,"Train_name":"PUNE-MAJN WE","Seats_available":"yes","Cleanliness":"yes","Status ":"delay","Satisfaction":"Satisfied"}
{"Train_id":258,"Train_name":"PUNE-MAJN WE","Seats_available":"yes","Cleanliness":"yes","Status ":"delay","Satisfaction":"Satisfied"}
{"Train_id":259,"Train_name":"PUNE-MAJN WE","Seats_available":"yes","Cleanliness":"yes","Status ":"on time","Satisfaction":"Satisfied"}
{"Train_id":260,"Train_name":"MAJN-PUNE WE","Seats_available":"yes","Cleanliness":"yes","Status ":"delay","Satisfaction":"Satisfied"}
{"Train_id":261,"Train_name":"MAJN-PUNE WE","Seats_available":"yes","Cleanliness":"yes","Status ":"delay","Satisfaction":"Satisfied"}
{"Train_id":262,"Train_name":"MAJN-PUNE WE","Seats_available":"no","Cleanliness":"yes","Status ":"delay","Satisfaction":"Neutral"}
{"Train_id":263,"Train_name":"MAJN-PUNE WE","Seats_available":"no","Cleanliness":"yes","Status ":"delay","Satisfaction":"Neutral"}
{"Train_id":264,"Train_name":"MAJN-PUNE WE","Seats_available":"no","Cleanliness":"yes","Status ":"delay","Satisfaction":"Neutral"}
{"Train_id":265,"Train_name":"MAJN-PUNE WE","Seats_available":"yes","Cleanliness":"yes","Status ":"delay","Satisfaction":"Satisfied"}
{"Train_id":266,"Train_name":"MAJN-PUNE WE","Seats_available":"yes","Cleanliness":"yes","Status ":"delay","Satisfaction":"Satisfied"}
{"Train_id":267,"Train_name":"MAJN-PUNE WE","Seats_available":"yes","Cleanliness":"no","Status ":"delay","Satisfaction":"Neutral"}
{"Train_id":268,"Train_name":"MAJN-PUNE WE","Seats_available":"yes","Cleanliness":"no","Status ":"delay","Satisfaction":"Neutral"}
{"Train_id":269,"Train_name":"MAJN-PUNE WE","Seats_available":"yes","Cleanliness":"no","Status ":"delay","Satisfaction":"Neutral"}
{"Train_id":270,"Train_name":"MAJN-PUNE WE","Seats_available":"yes","Cleanliness":"yes","Status ":"delay","Satisfaction":"Satisfied"}
{"Train_id":271,"Train_name":"MAJN-PUNE WE","Seats_available":"yes","Cleanliness":"yes","Status ":"delay","Satisfaction":"Satisfied"}
{"Train_id":272,"Train_name":"MAJN-PUNE WE","Seats_available":"yes","Cleanliness":"yes","Status ":"delay","Satisfaction":"Satisfied"}
{"Train_id":273,"Train_name":"MAJN-PUNE WE","Seats_available":"yes","Cleanliness":"yes","Status ":"delay","Satisfaction":"Satisfied"}
{"Train_id":274,"Train_name":"DSJ-KK MTY S","Seats_available":"no","Cleanliness":"yes","Status ":"delay","Satisfaction":"Neutral"}
{"Train_id":275,"Train_name":"DSJ-KK MTY S","Seats_available":"yes","Cleanliness":"no","Status ":"delay","Satisfaction":"Neutral"}
{"Train_id":276,"Train_name":"DSJ-KK MTY S","Seats_available":"yes","Cleanliness":"no","Status ":"delay","Satisfaction":"Neutral"}
{"Train_id":277,"Train_name":"DSJ-KK MTY S","Seats_available":"yes","Cleanliness":"no","Status ":"delay","Satisfaction":"Neutral"}
{"Train_id":278,"Train_name":"DSJ-KK MTY S","Seats_available":"yes","Cleanliness":"yes","Status ":"delay","Satisfaction":"Satisfied"}
{"Train_id":279,"Train_name":"DSJ-KK MTY S","Seats_available":"yes","Cleanliness":"yes","Status ":"delay","Satisfaction":"Satisfied"}
{"Train_id":280,"Train_name":"DSJ-KK MTY S","Seats_available":"yes","Cleanliness":"yes","Status ":"delay","Satisfaction":"Satisfied"}
{"Train_id":281,"Train_name":"DSJ-KK MTY S","Seats_available":"yes","Cleanliness":"yes","Status ":"delay","Satisfaction":"Satisfied"}
{"Train_id":282,"Train_name":"DSJ-KK MTY S","Seats_available":"no","Cleanliness":"yes","Status ":"delay","Satisfaction":"Neutral"}
{"Train_id":283,"Train_name":"DSJ-KK MTY S","Seats_available":"no","Cleanliness":"no","Status ":"delay","Satisfaction":"Dissatisfied"}
{"Train_id":284,"Train_name":"DSJ-KK MTY S","Seats_available":"no","Cleanliness":"no","Status ":"delay","Satisfaction":"Dissatisfied"}
{"Train_id":285,"Train_name":"DSJ-KK MTY S","Seats_available":"yes","Cleanliness":"yes","Status ":"delay","Satisfaction":"Neutral"}
{"Train_id":286,"Train_name":"DSJ-KK MTY S","Seats_available":"yes","Cleanliness":"no","Status ":"delay","Satisfaction":"Neutral"}
{"Train_id":287,"Train_name":"PUNE-JBP SPL","Seats_available":"yes","Cleanliness":"no","Status ":"delay","Satisfaction":"Neutral"}
{"Train_id":288,"Train_name":"PUNE-JBP SPL","Seats_available":"yes","Cleanliness":"no","Status ":"delay","Satisfaction":"Neutral"}
{"Train_id":289,"Train_name":"PUNE-JBP SPL","Seats_available":"yes","Cleanliness":"yes","Status ":"delay","Satisfaction":"Satisfied"}
{"Train_id":290,"Train_name":"PUNE-JBP SPL","Seats_available":"no","Cleanliness":"yes","Status ":"delay","Satisfaction":"Neutral"}
{"Train_id":291,"Train_name":"PUNE-JBP SPL","Seats_available":"no","Cleanliness":"yes","Status ":"delay","Satisfaction":"Neutral"}
{"Train_id":292,"Train_name":"PUNE-JBP SPL","Seats_available":"no","Cleanliness":"yes","Status ":"delay","Satisfaction":"Neutral"}
{"Train_id":293,"Train_name":"PUNE-JBP SPL","Seats_available":"yes","Cleanliness":"no","Status ":"on time","Satisfaction":"Neutral"}
{"Train_id":294,"Train_name":"PUNE-JBP SPL","Seats_available":"yes","Cleanliness":"yes","Status ":"delay","Satisfaction":"Satisfied"}
{"Train_id":295,"Train_name":"PUNE-JBP SPL","Seats_available":"yes","Cleanliness":"yes","Status ":"delay","Satisfaction":"Satisfied"}
{"Train_id":296,"Train_name":"PUNE-JBP SPL","Seats_available":"yes","Cleanliness":"yes","Status ":"on time","Satisfaction":"Satisfied"}
{"Train_id":297,"Train_name":"PUNE-JBP SPL","Seats_available":"no","Cleanliness":"no","Status ":"delay","Satisfaction":"Dissatisfied"}
{"Train_id":298,"Train_name":"PUNE-JBP SPL","Seats_available":"yes","Cleanliness":"no","Status ":"delay","Satisfaction":"Neutral"}
{"Train_id":299,"Train_name":"PUNE-JBP SPL","Seats_available":"yes","Cleanliness":"yes","Status ":"delay","Satisfaction":"Satisfied"}
{"Train_id":300,"Train_name":"JBP-BDTS SF","Seats_available":"yes","Cleanliness":"yes","Status ":"delay","Satisfaction":"Satisfied"}
{"Train_id":301,"Train_name":"JBP-BDTS SF","Seats_available":"no","Cleanliness":"no","Status ":"delay","Satisfaction":"Dissatisfied"}
{"Train_id":302,"Train_name":"JBP-BDTS SF","Seats_available":"no","Cleanliness":"no","Status ":"delay","Satisfaction":"Dissatisfied"}
{"Train_id":303,"Train_name":"JBP-BDTS SF","Seats_available":"yes","Cleanliness":"no","Status ":"delay","Satisfaction":"Neutral"}
{"Train_id":304,"Train_name":"JBP-BDTS SF","Seats_available":"yes","Cleanliness":"yes","Status ":"delay","Satisfaction":"Satisfied"}
{"Train_id":305,"Train_name":"JBP-BDTS SF","Seats_available":"no","Cleanliness":"yes","Status ":"delay","Satisfaction":"Neutral"}
{"Train_id":306,"Train_name":"JBP-BDTS SF","Seats_available":"no","Cleanliness":"yes","Status ":"delay","Satisfaction":"Neutral"}
{"Train_id":307,"Train_name":"JBP-BDTS SF","Seats_available":"no","Cleanliness":"yes","Status ":"delay","Satisfaction":"Neutral"}
{"Train_id":308,"Train_name":"JBP-BDTS SF","Seats_available":"yes","Cleanliness":"yes","Status ":"delay","Satisfaction":"Satisfied"}
{"Train_id":309,"Train_name":"JBP-BDTS SF","Seats_available":"yes","Cleanliness":"yes","Status ":"delay","Satisfaction":"Satisfied"}
{"Train_id":310,"Train_name":"JBP-BDTS SF","Seats_available":"yes","Cleanliness":"no","Status ":"delay","Satisfaction":"Neutral"}
{"Train_id":311,"Train_name":"JBP-BDTS SF","Seats_available":"yes","Cleanliness":"no","Status ":"delay","Satisfaction":"Neutral"}
{"Train_id":312,"Train_name":"JBP-ATT BI-W","Seats_available":"yes","Cleanliness":"no","Status ":"delay","Satisfaction":"Neutral"}
{"Train_id":313,"Train_name":"JBP-ATT BI-W","Seats_available":"yes","Cleanliness":"yes","Status ":"delay","Satisfaction":"Satisfied"}
{"Train_id":314,"Train_name":"JBP-ATT BI-W","Seats_available":"no","Cleanliness":"yes","Status ":"delay","Satisfaction":"Neutral"}
{"Train_id":315,"Train_name":"JBP-ATT BI-W","Seats_available":"no","Cleanliness":"yes","Status ":"on time","Satisfaction":"Neutral"}
{"Train_id":316,"Train_name":"JBP-ATT BI-W","Seats_available":"no","Cleanliness":"yes","Status ":"delay","Satisfaction":"Neutral"}
{"Train_id":317,"Train_name":"JBP-ATT BI-W","Seats_available":"yes","Cleanliness":"no","Status ":"delay","Satisfaction":"Neutral"}
{"Train_id":318,"Train_name":"JBP-ATT BI-W","Seats_available":"yes","Cleanliness":"yes","Status ":"delay","Satisfaction":"Satisfied"}
{"Train_id":319,"Train_name":"JBP-ATT BI-W","Seats_available":"yes","Cleanliness":"yes","Status ":"delay","Satisfaction":"Satisfied"}
{"Train_id":320,"Train_name":"JBP-ATT BI-W","Seats_available":"yes","Cleanliness":"yes","Status ":"delay","Satisfaction":"Satisfied"}
{"Train_id":321,"Train_name":"JBP-ATT BI-W","Seats_available":"no","Cleanliness":"no","Status ":"delay","Satisfaction":"Dissatisfied"}
{"Train_id":322,"Train_name":"JBP-ATT BI-W","Seats_available":"yes","Cleanliness":"no","Status ":"on time","Satisfaction":"Neutral"}
{"Train_id":323,"Train_name":"JBP-ATT BI-W","Seats_available":"yes","Cleanliness":"yes","Status ":"delay","Satisfaction":"Satisfied"}
{"Train_id":324,"Train_name":"JBP-ATT BI-W","Seats_available":"yes","Cleanliness":"yes","Status ":"delay","Satisfaction":"Satisfied"}
{"Train_id":325,"Train_name":"JBP-ATT BI-W","Seats_available":"no","Cleanliness":"no","Status ":"delay","Satisfaction":"Dissatisfied"}
{"Train_id":326,"Train_name":"JBP-ATT BI-W","Seats_available":"no","Cleanliness":"no","Status ":"delay","Satisfaction":"Dissatisfied"}
{"Train_id":327,"Train_name":"JBP-ATT BI-W","Seats_available":"yes","Cleanliness":"no","Status ":"delay","Satisfaction":"Neutral"}
{"Train_id":328,"Train_name":"JBP-ATT BI-W","Seats_available":"yes","Cleanliness":"yes","Status ":"delay","Satisfaction":"Satisfied"}
{"Train_id":329,"Train_name":"ATT-JBP BI-W","Seats_available":"no","Cleanliness":"yes","Status ":"delay","Satisfaction":"Neutral"}
{"Train_id":330,"Train_name":"CSMT-KRMI SF","Seats_available":"no","Cleanliness":"yes","Status ":"delay","Satisfaction":"Neutral"}
{"Train_id":331,"Train_name":"CSMT-KRMI SF","Seats_available":"no","Cleanliness":"yes","Status ":"delay","Satisfaction":"Neutral"}
{"Train_id":332,"Train_name":"CSMT-KRMI SF","Seats_available":"yes","Cleanliness":"yes","Status ":"delay","Satisfaction":"Satisfied"}
{"Train_id":333,"Train_name":"CSMT-KRMI SF","Seats_available":"yes","Cleanliness":"yes","Status ":"delay","Satisfaction":"Satisfied"}
{"Train_id":334,"Train_name":"CSMT-KRMI SF","Seats_available":"yes","Cleanliness":"no","Status ":"delay","Satisfaction":"Neutral"}
{"Train_id":335,"Train_name":"KRMI-CSMT SF","Seats_available":"yes","Cleanliness":"no","Status ":"delay","Satisfaction":"Neutral"}
{"Train_id":336,"Train_name":"KRMI-CSMT SF","Seats_available":"yes","Cleanliness":"no","Status ":"delay","Satisfaction":"Neutral"}
{"Train_id":337,"Train_name":"KRMI-CSMT SF","Seats_available":"yes","Cleanliness":"yes","Status ":"delay","Satisfaction":"Satisfied"}
{"Train_id":338,"Train_name":"KRMI-CSMT SF","Seats_available":"no","Cleanliness":"yes","Status ":"delay","Satisfaction":"Neutral"}
{"Train_id":339,"Train_name":"KRMI-CSMT SF","Seats_available":"no","Cleanliness":"yes","Status ":"delay","Satisfaction":"Neutral"}
{"Train_id":340,"Train_name":"KRMI-CSMT SF","Seats_available":"no","Cleanliness":"yes","Status ":"delay","Satisfaction":"Neutral"}
{"Train_id":341,"Train_name":"KRMI-CSMT SF","Seats_available":"yes","Cleanliness":"yes","Status ":"delay","Satisfaction":"Satisfied"}
{"Train_id":342,"Train_name":"JBP-SRC SF S","Seats_available":"yes","Cleanliness":"yes","Status ":"delay","Satisfaction":"Satisfied"}
{"Train_id":343,"Train_name":"JBP-SRC SF S","Seats_available":"yes","Cleanliness":"yes","Status ":"on time","Satisfaction":"Satisfied"}
{"Train_id":344,"Train_name":"JBP-SRC SF S","Seats_available":"yes","Cleanliness":"yes","Status ":"delay","Satisfaction":"Satisfied"}
{"Train_id":345,"Train_name":"JBP-SRC SF S","Seats_available":"no","Cleanliness":"no","Status ":"on time","Satisfaction":"Dissatisfied"}
{"Train_id":346,"Train_name":"JBP-SRC SF S","Seats_available":"yes","Cleanliness":"no","Status ":"delay","Satisfaction":"Satisfied"}
{"Train_id":347,"Train_name":"JBP-SRC SF S","Seats_available":"yes","Cleanliness":"yes","Status ":"delay","Satisfaction":"Satisfied"}
{"Train_id":348,"Train_name":"JBP-SRC SF S","Seats_available":"yes","Cleanliness":"yes","Status ":"delay","Satisfaction":"Satisfied"}
{"Train_id":349,"Train_name":"JBP-SRC SF S","Seats_available":"no","Cleanliness":"no","Status ":"delay","Satisfaction":"Dissatisfied"}
{"Train_id":350,"Train_name":"JBP-SRC SF S","Seats_available":"no","Cleanliness":"no","Status ":"delay","Satisfaction":"Dissatisfied"}
{"Train_id":351,"Train_name":"JBP-SRC SF S","Seats_available":"yes","Cleanliness":"no","Status ":"delay","Satisfaction":"Neutral"}
{"Train_id":352,"Train_name":"JBP-SRC SF S","Seats_available":"yes","Cleanliness":"yes","Status ":"delay","Satisfaction":"Satisfied"}
{"Train_id":353,"Train_name":"JBP-SRC SF S","Seats_available":"no","Cleanliness":"yes","Status ":"delay","Satisfaction":"Neutral"}
{"Train_id":354,"Train_name":"JBP-SRC SF S","Seats_available":"no","Cleanliness":"yes","Status ":"on time","Satisfaction":"Neutral"}
{"Train_id":355,"Train_name":"JBP-SRC SF S","Seats_available":"no","Cleanliness":"yes","Status ":"delay","Satisfaction":"Neutral"}
{"Train_id":356,"Train_name":"JBP-SRC SF S","Seats_available":"yes","Cleanliness":"yes","Status ":"delay","Satisfaction":"Satisfied"}
{"Train_id":357,"Train_name":"JBP-SRC SF S","Seats_available":"yes","Cleanliness":"yes","Status ":"delay","Satisfaction":"Satisfied"}
{"Train_id":358,"Train_name":"SRC-JBP SF S","Seats_available":"yes","Cleanliness":"no","Status ":"delay","Satisfaction":"Neutral"}
{"Train_id":359,"Train_name":"SRC-JBP SF S","Seats_available":"yes","Cleanliness":"no","Status ":"delay","Satisfaction":"Neutral"}
{"Train_id":360,"Train_name":"SRC-RJT SF A","Seats_available":"yes","Cleanliness":"no","Status ":"delay","Satisfaction":"Neutral"}
{"Train_id":361,"Train_name":"SRC-RJT SF A","Seats_available":"yes","Cleanliness":"yes","Status ":"delay","Satisfaction":"Satisfied"}
{"Train_id":362,"Train_name":"SRC-RJT SF A","Seats_available":"yes","Cleanliness":"yes","Status ":"delay","Satisfaction":"Satisfied"}
{"Train_id":363,"Train_name":"SRC-RJT SF A","Seats_available":"yes","Cleanliness":"yes","Status ":"delay","Satisfaction":"Satisfied"}
{"Train_id":364,"Train_name":"SRC-RJT SF A","Seats_available":"yes","Cleanliness":"yes","Status ":"delay","Satisfaction":"Satisfied"}
{"Train_id":365,"Train_name":"SRC-RJT SF A","Seats_available":"yes","Cleanliness":"yes","Status ":"delay","Satisfaction":"Satisfied"}
{"Train_id":366,"Train_name":"SRC-RJT SF A","Seats_available":"yes","Cleanliness":"yes","Status ":"delay","Satisfaction":"Satisfied"}
{"Train_id":367,"Train_name":"SRC-RJT SF A","Seats_available":"yes","Cleanliness":"yes","Status ":"delay","Satisfaction":"Satisfied"}
{"Train_id":368,"Train_name":"SRC-RJT SF A","Seats_available":"yes","Cleanliness":"yes","Status ":"delay","Satisfaction":"Satisfied"}
{"Train_id":369,"Train_name":"SRC-RJT SF A","Seats_available":"no","Cleanliness":"no","Status ":"delay","Satisfaction":"Dissatisfied"}
{"Train_id":370,"Train_name":"SRC-RJT SF A","Seats_available":"yes","Cleanliness":"no","Status ":"delay","Satisfaction":"Neutral"}
{"Train_id":371,"Train_name":"SRC-RJT SF A","Seats_available":"yes","Cleanliness":"yes","Status ":"delay","Satisfaction":"Satisfied"}
{"Train_id":372,"Train_name":"SRC-RJT SF A","Seats_available":"yes","Cleanliness":"yes","Status ":"delay","Satisfaction":"Satisfied"}
{"Train_id":373,"Train_name":"SRC-RJT SF A","Seats_available":"no","Cleanliness":"no","Status ":"delay","Satisfaction":"Dissatisfied"}
{"Train_id":374,"Train_name":"SRC-RJT SF A","Seats_available":"no","Cleanliness":"no","Status ":"delay","Satisfaction":"Dissatisfied"}
{"Train_id":375,"Train_name":"SRC-RJT SF A","Seats_available":"yes","Cleanliness":"no","Status ":"delay","Satisfaction":"Neutral"}
{"Train_id":376,"Train_name":"SRC-RJT SF A","Seats_available":"yes","Cleanliness":"yes","Status ":"delay","Satisfaction":"Satisfied"}
{"Train_id":377,"Train_name":"SRC MAS SPL","Seats_available":"no","Cleanliness":"yes","Status ":"delay","Satisfaction":"Neutral"}
{"Train_id":378,"Train_name":"SRC MAS SPL","Seats_available":"no","Cleanliness":"yes","Status ":"delay","Satisfaction":"Neutral"}
{"Train_id":379,"Train_name":"SRC MAS SPL","Seats_available":"no","Cleanliness":"yes","Status ":"delay","Satisfaction":"Neutral"}
{"Train_id":380,"Train_name":"SRC MAS SPL","Seats_available":"yes","Cleanliness":"yes","Status ":"delay","Satisfaction":"Satisfied"}
{"Train_id":381,"Train_name":"SRC MAS SPL","Seats_available":"yes","Cleanliness":"yes","Status ":"delay","Satisfaction":"Satisfied"}
{"Train_id":382,"Train_name":"SRC MAS SPL","Seats_available":"yes","Cleanliness":"no","Status ":"delay","Satisfaction":"Neutral"}
{"Train_id":383,"Train_name":"SRC MAS SPL","Seats_available":"yes","Cleanliness":"no","Status ":"delay","Satisfaction":"Neutral"}
{"Train_id":384,"Train_name":"SRC MAS SPL","Seats_available":"yes","Cleanliness":"no","Status ":"delay","Satisfaction":"Neutral"}
{"Train_id":385,"Train_name":"SRC MAS SPL","Seats_available":"yes","Cleanliness":"yes","Status ":"delay","Satisfaction":"Satisfied"}
{"Train_id":386,"Train_name":"SRC MAS SPL","Seats_available":"yes","Cleanliness":"yes","Status ":"delay","Satisfaction":"Satisfied"}
{"Train_id":387,"Train_name":"SRC MAS SPL","Seats_available":"yes","Cleanliness":"yes","Status ":"delay","Satisfaction":"Satisfied"}
{"Train_id":388,"Train_name":"SRC MAS SPL","Seats_available":"yes","Cleanliness":"yes","Status ":"delay","Satisfaction":"Satisfied"}
{"Train_id":389,"Train_name":"MAS SRC SPL","Seats_available":"yes","Cleanliness":"no","Status ":"delay","Satisfaction":"Neutral"}
{"Train_id":390,"Train_name":"MAS SRC SPL","Seats_available":"yes","Cleanliness":"yes","Status ":"delay","Satisfaction":"Satisfied"}
{"Train_id":391,"Train_name":"MAS SRC SPL","Seats_available":"yes","Cleanliness":"yes","Status ":"delay","Satisfaction":"Satisfied"}
{"Train_id":392,"Train_name":"NZM-MAO WINT","Seats_available":"yes","Cleanliness":"yes","Status ":"delay","Satisfaction":"Satisfied"}
{"Train_id":393,"Train_name":"BKN - HW EXP","Seats_available":"no","Cleanliness":"no","Status ":"delay","Satisfaction":"Neutral"}
{"Train_id":394,"Train_name":"BKN - HW EXP","Seats_available":"yes","Cleanliness":"no","Status ":"delay","Satisfaction":"Neutral"}
{"Train_id":395,"Train_name":"BKN - HW EXP","Seats_available":"yes","Cleanliness":"yes","Status ":"delay","Satisfaction":"Satisfied"}
{"Train_id":396,"Train_name":"BKN - HW EXP","Seats_available":"yes","Cleanliness":"yes","Status ":"delay","Satisfaction":"Satisfied"}
{"Train_id":397,"Train_name":"BKN - HW EXP","Seats_available":"no","Cleanliness":"no","Status ":"delay","Satisfaction":"Dissatisfied"}
{"Train_id":398,"Train_name":"BKN - HW EXP","Seats_available":"no","Cleanliness":"no","Status ":"delay","Satisfaction":"Dissatisfied"}
{"Train_id":399,"Train_name":"BKN - HW EXP","Seats_available":"yes","Cleanliness":"no","Status ":"delay","Satisfaction":"Neutral"}
{"Train_id":400,"Train_name":"BKN - HW EXP","Seats_available":"yes","Cleanliness":"yes","Status ":"delay","Satisfaction":"Satisfied"}
{"Train_id":401,"Train_name":"BKN - HW EXP","Seats_available":"no","Cleanliness":"yes","Status ":"delay","Satisfaction":"Neutral"}
{"Train_id":402,"Train_name":"BKN - HW EXP","Seats_available":"no","Cleanliness":"yes","Status ":"delay","Satisfaction":"Neutral"}
{"Train_id":403,"Train_name":"BKN - HW EXP","Seats_available":"no","Cleanliness":"yes","Status ":"delay","Satisfaction":"Neutral"}
{"Train_id":404,"Train_name":"BKN - HW EXP","Seats_available":"yes","Cleanliness":"yes","Status ":"delay","Satisfaction":"Satisfied"}
{"Train_id":405,"Train_name":"BKN - HW EXP","Seats_available":"yes","Cleanliness":"yes","Status ":"delay","Satisfaction":"Satisfied"}
{"Train_id":406,"Train_name":"BKN - HW EXP","Seats_available":"yes","Cleanliness":"no","Status ":"delay","Satisfaction":"Neutral"}
{"Train_id":407,"Train_name":"BKN - HW EXP","Seats_available":"yes","Cleanliness":"no","Status ":"delay","Satisfaction":"Neutral"}
{"Train_id":408,"Train_name":"BKN - HW EXP","Seats_available":"yes","Cleanliness":"no","Status ":"delay","Satisfaction":"Neutral"}
{"Train_id":409,"Train_name":"BKN - HW EXP","Seats_available":"yes","Cleanliness":"yes","Status ":"delay","Satisfaction":"Satisfied"}
{"Train_id":410,"Train_name":"HW - BKN EXP","Seats_available":"no","Cleanliness":"yes","Status ":"delay","Satisfaction":"Neutral"}
{"Train_id":411,"Train_name":"HW - BKN EXP","Seats_available":"no","Cleanliness":"yes","Status ":"on time","Satisfaction":"Neutral"}
{"Train_id":412,"Train_name":"HW - BKN EXP","Seats_available":"no","Cleanliness":"yes","Status ":"delay","Satisfaction":"Neutral"}
{"Train_id":413,"Train_name":"HW - BKN EXP","Seats_available":"yes","Cleanliness":"no","Status ":"delay","Satisfaction":"Neutral"}
{"Train_id":414,"Train_name":"HW - BKN EXP","Seats_available":"yes","Cleanliness":"yes","Status ":"delay","Satisfaction":"Satisfied"}
{"Train_id":415,"Train_name":"HW - BKN EXP","Seats_available":"yes","Cleanliness":"yes","Status ":"delay","Satisfaction":"Satisfied"}
{"Train_id":416,"Train_name":"HW - BKN EXP","Seats_available":"yes","Cleanliness":"yes","Status ":"delay","Satisfaction":"Satisfied"}
{"Train_id":417,"Train_name":"HW - BKN EXP","Seats_available":"no","Cleanliness":"no","Status ":"delay","Satisfaction":"Dissatisfied"}
{"Train_id":418,"Train_name":"HW - BKN EXP","Seats_available":"yes","Cleanliness":"no","Status ":"delay","Satisfaction":"Neutral"}
{"Train_id":419,"Train_name":"HW - BKN EXP","Seats_available":"yes","Cleanliness":"yes","Status ":"delay","Satisfaction":"Satisfied"}
{"Train_id":420,"Train_name":"HW - BKN EXP","Seats_available":"yes","Cleanliness":"yes","Status ":"delay","Satisfaction":"Satisfied"}
{"Train_id":421,"Train_name":"HW - BKN EXP","Seats_available":"no","Cleanliness":"no","Status ":"delay","Satisfaction":"Dissatisfied"}
{"Train_id":422,"Train_name":"HW - BKN EXP","Seats_available":"no","Cleanliness":"no","Status ":"delay","Satisfaction":"Dissatisfied"}
{"Train_id":423,"Train_name":"HW - BKN EXP","Seats_available":"yes","Cleanliness":"no","Status ":"delay","Satisfaction":"Neutral"}
{"Train_id":424,"Train_name":"HW - BKN EXP","Seats_available":"yes","Cleanliness":"yes","Status ":"delay","Satisfaction":"Satisfied"}
{"Train_id":425,"Train_name":"HW - BKN EXP","Seats_available":"no","Cleanliness":"yes","Status ":"delay","Satisfaction":"Neutral"}
{"Train_id":426,"Train_name":"PTK-JAT DEMU","Seats_available":"no","Cleanliness":"yes","Status ":"delay","Satisfaction":"Neutral"}
{"Train_id":427,"Train_name":"PTK-JAT DEMU","Seats_available":"no","Cleanliness":"yes","Status ":"delay","Satisfaction":"Neutral"}
{"Train_id":428,"Train_name":"PTK-JAT DEMU","Seats_available":"yes","Cleanliness":"yes","Status ":"delay","Satisfaction":"Satisfied"}
{"Train_id":429,"Train_name":"PTK-JAT DEMU","Seats_available":"yes","Cleanliness":"yes","Status ":"on time","Satisfaction":"Satisfied"}
{"Train_id":430,"Train_name":"PTK-JAT DEMU","Seats_available":"yes","Cleanliness":"no","Status ":"delay","Satisfaction":"Neutral"}
{"Train_id":431,"Train_name":"PTK-JAT DEMU","Seats_available":"yes","Cleanliness":"no","Status ":"delay","Satisfaction":"Neutral"}
{"Train_id":432,"Train_name":"PTK-JAT DEMU","Seats_available":"yes","Cleanliness":"no","Status ":"on time","Satisfaction":"Neutral"}
{"Train_id":433,"Train_name":"PTK-JAT DEMU","Seats_available":"yes","Cleanliness":"yes","Status ":"delay","Satisfaction":"Satisfied"}
{"Train_id":434,"Train_name":"PTK-JAT DEMU","Seats_available":"no","Cleanliness":"yes","Status ":"delay","Satisfaction":"Neutral"}
{"Train_id":435,"Train_name":"PTK-JAT DEMU","Seats_available":"no","Cleanliness":"yes","Status ":"delay","Satisfaction":"Neutral"}
{"Train_id":436,"Train_name":"PTK-JAT DEMU","Seats_available":"no","Cleanliness":"yes","Status ":"delay","Satisfaction":"Neutral"}
{"Train_id":437,"Train_name":"PTK-JAT DEMU","Seats_available":"yes","Cleanliness":"no","Status ":"delay","Satisfaction":"Neutral"}
{"Train_id":438,"Train_name":"PTK-JAT DEMU","Seats_available":"yes","Cleanliness":"yes","Status ":"delay","Satisfaction":"Satisfied"}
{"Train_id":439,"Train_name":"JAT-PTK DEMU","Seats_available":"yes","Cleanliness":"yes","Status ":"delay","Satisfaction":"Satisfied"}
{"Train_id":440,"Train_name":"JAT-PTK DEMU","Seats_available":"yes","Cleanliness":"yes","Status ":"on time","Satisfaction":"Satisfied"}
{"Train_id":441,"Train_name":"JAT-PTK DEMU","Seats_available":"no","Cleanliness":"no","Status ":"on time","Satisfaction":"Dissatisfied"}
{"Train_id":442,"Train_name":"JAT-PTK DEMU","Seats_available":"yes","Cleanliness":"no","Status ":"delay","Satisfaction":"Neutral"}
{"Train_id":443,"Train_name":"JAT-PTK DEMU","Seats_available":"yes","Cleanliness":"yes","Status ":"delay","Satisfaction":"Satisfied"}
{"Train_id":444,"Train_name":"JAT-PTK DEMU","Seats_available":"yes","Cleanliness":"yes","Status ":"delay","Satisfaction":"Satisfied"}
{"Train_id":445,"Train_name":"JAT-PTK DEMU","Seats_available":"no","Cleanliness":"no","Status ":"delay","Satisfaction":"Dissatisfied"}
{"Train_id":446,"Train_name":"JAT-PTK DEMU","Seats_available":"no","Cleanliness":"no","Status ":"delay","Satisfaction":"Dissatisfied"}
{"Train_id":447,"Train_name":"JAT-PTK DEMU","Seats_available":"yes","Cleanliness":"no","Status ":"delay","Satisfaction":"Neutral"}
{"Train_id":448,"Train_name":"JAT-PTK DEMU","Seats_available":"yes","Cleanliness":"yes","Status ":"delay","Satisfaction":"Satisfied"}
{"Train_id":449,"Train_name":"JAT-PTK DEMU","Seats_available":"no","Cleanliness":"yes","Status ":"delay","Satisfaction":"Neutral"}
{"Train_id":450,"Train_name":"JAT-PTK DEMU","Seats_available":"no","Cleanliness":"yes","Status ":"on time","Satisfaction":"Neutral"}
{"Train_id":451,"Train_name":"JAT-PTK DEMU","Seats_available":"no","Cleanliness":"yes","Status ":"delay","Satisfaction":"Neutral"}
{"Train_id":452,"Train_name":"JAT-PTK DEMU","Seats_available":"yes","Cleanliness":"yes","Status ":"on time","Satisfaction":"Satisfied"}
{"Train_id":453,"Train_name":"GKP - BNY SP","Seats_available":"yes","Cleanliness":"yes","Status ":"delay","Satisfaction":"Satisfied"}
{"Train_id":454,"Train_name":"GKP - BNY SP","Seats_available":"yes","Cleanliness":"no","Status ":"delay","Satisfaction":"Neutral"}
{"Train_id":455,"Train_name":"GKP - BNY SP","Seats_available":"yes","Cleanliness":"no","Status ":"delay","Satisfaction":"Neutral"}
{"Train_id":456,"Train_name":"GKP - BNY SP","Seats_available":"yes","Cleanliness":"no","Status ":"delay","Satisfaction":"Neutral"}
{"Train_id":457,"Train_name":"GKP - BNY SP","Seats_available":"yes","Cleanliness":"yes","Status ":"delay","Satisfaction":"Satisfied"}
{"Train_id":458,"Train_name":"PUSHPAK SF E","Seats_available":"no","Cleanliness":"yes","Status ":"delay","Satisfaction":"Neutral"}
{"Train_id":459,"Train_name":"GARIB RATH","Seats_available":"no","Cleanliness":"yes","Status ":"delay","Satisfaction":"Neutral"}
{"Train_id":460,"Train_name":"GARIB RATH","Seats_available":"no","Cleanliness":"yes","Status ":"delay","Satisfaction":"Neutral"}
{"Train_id":461,"Train_name":"GARIB RATH","Seats_available":"yes","Cleanliness":"no","Status ":"delay","Satisfaction":"Neutral"}
{"Train_id":462,"Train_name":"GARIB RATH","Seats_available":"yes","Cleanliness":"yes","Status ":"delay","Satisfaction":"Satisfied"}
{"Train_id":463,"Train_name":"GARIB RATH","Seats_available":"yes","Cleanliness":"yes","Status ":"delay","Satisfaction":"Satisfied"}
{"Train_id":464,"Train_name":"GARIB RATH","Seats_available":"yes","Cleanliness":"yes","Status ":"delay","Satisfaction":"Satisfied"}
{"Train_id":465,"Train_name":"GARIB RATH","Seats_available":"no","Cleanliness":"no","Status ":"delay","Satisfaction":"Dissatisfied"}
{"Train_id":466,"Train_name":"GARIB RATH","Seats_available":"yes","Cleanliness":"no","Status ":"delay","Satisfaction":"Neutral"}
{"Train_id":467,"Train_name":"GARIB RATH","Seats_available":"yes","Cleanliness":"yes","Status ":"delay","Satisfaction":"Satisfied"}
{"Train_id":468,"Train_name":"GARIB RATH","Seats_available":"yes","Cleanliness":"yes","Status ":"delay","Satisfaction":"Satisfied"}
{"Train_id":469,"Train_name":"GARIB RATH","Seats_available":"no","Cleanliness":"no","Status ":"delay","Satisfaction":"Dissatisfied"}
{"Train_id":470,"Train_name":"GARIB RATH","Seats_available":"no","Cleanliness":"no","Status ":"delay","Satisfaction":"Dissatisfied"}
{"Train_id":471,"Train_name":"GARIB RATH","Seats_available":"yes","Cleanliness":"no","Status ":"delay","Satisfaction":"Neutral"}
{"Train_id":472,"Train_name":"GARIB RATH","Seats_available":"yes","Cleanliness":"yes","Status ":"delay","Satisfaction":"Satisfied"}
{"Train_id":473,"Train_name":"GARIB RATH","Seats_available":"no","Cleanliness":"yes","Status ":"delay","Satisfaction":"Neutral"}
{"Train_id":474,"Train_name":"GARIB RATH","Seats_available":"no","Cleanliness":"yes","Status ":"on time","Satisfaction":"Neutral"}
{"Train_id":475,"Train_name":"GARIB RATH","Seats_available":"no","Cleanliness":"yes","Status ":"on time","Satisfaction":"Neutral"}
{"Train_id":476,"Train_name":"GARIB RATH","Seats_available":"yes","Cleanliness":"yes","Status ":"delay","Satisfaction":"Satisfied"}
{"Train_id":477,"Train_name":"GARIB RATH","Seats_available":"yes","Cleanliness":"yes","Status ":"delay","Satisfaction":"Satisfied"}
{"Train_id":478,"Train_name":"GARIB RATH","Seats_available":"yes","Cleanliness":"no","Status ":"delay","Satisfaction":"Neutral"}
{"Train_id":479,"Train_name":"GARIB RATH","Seats_available":"yes","Cleanliness":"no","Status ":"delay","Satisfaction":"Neutral"}
{"Train_id":480,"Train_name":"GARIB RATH","Seats_available":"yes","Cleanliness":"no","Status ":"delay","Satisfaction":"Neutral"}
{"Train_id":481,"Train_name":"GARIB RATH","Seats_available":"yes","Cleanliness":"yes","Status ":"delay","Satisfaction":"Satisfied"}
{"Train_id":482,"Train_name":"GARIB RATH","Seats_available":"no","Cleanliness":"yes","Status ":"delay","Satisfaction":"Neutral"}
{"Train_id":483,"Train_name":"GARIB RATH","Seats_available":"no","Cleanliness":"yes","Status ":"delay","Satisfaction":"Neutral"}
{"Train_id":484,"Train_name":"GARIB RATH","Seats_available":"no","Cleanliness":"yes","Status ":"delay","Satisfaction":"Neutral"}
{"Train_id":485,"Train_name":"SBC-NDLS KAR","Seats_available":"yes","Cleanliness":"no","Status ":"delay","Satisfaction":"Neutral"}
{"Train_id":486,"Train_name":"SBC-NDLS KAR","Seats_available":"yes","Cleanliness":"yes","Status ":"delay","Satisfaction":"Satisfied"}
{"Train_id":487,"Train_name":"SBC-NDLS KAR","Seats_available":"yes","Cleanliness":"yes","Status ":"delay","Satisfaction":"Satisfied"}
{"Train_id":488,"Train_name":"SBC-NDLS KAR","Seats_available":"yes","Cleanliness":"yes","Status ":"delay","Satisfaction":"Satisfied"}
{"Train_id":489,"Train_name":"SBC-NDLS KAR","Seats_available":"no","Cleanliness":"no","Status ":"delay","Satisfaction":"Dissatisfied"}
{"Train_id":490,"Train_name":"SBC-NDLS KAR","Seats_available":"yes","Cleanliness":"no","Status ":"delay","Satisfaction":"Neutral"}
{"Train_id":491,"Train_name":"SBC-NDLS KAR","Seats_available":"yes","Cleanliness":"yes","Status ":"delay","Satisfaction":"Satisfied"}
{"Train_id":492,"Train_name":"SBC-NDLS KAR","Seats_available":"yes","Cleanliness":"yes","Status ":"delay","Satisfaction":"Satisfied"}
{"Train_id":493,"Train_name":"SBC-NDLS KAR","Seats_available":"no","Cleanliness":"no","Status ":"delay","Satisfaction":"Dissatisfied"}
{"Train_id":494,"Train_name":"SBC-NDLS KAR","Seats_available":"no","Cleanliness":"no","Status ":"delay","Satisfaction":"Dissatisfied"}
{"Train_id":495,"Train_name":"SBC-NDLS KAR","Seats_available":"yes","Cleanliness":"no","Status ":"delay","Satisfaction":"Neutral"}
{"Train_id":496,"Train_name":"SBC-NDLS KAR","Seats_available":"yes","Cleanliness":"yes","Status ":"delay","Satisfaction":"Satisfied"}
{"Train_id":497,"Train_name":"SBC-NDLS KAR","Seats_available":"no","Cleanliness":"yes","Status ":"delay","Satisfaction":"Neutral"}
{"Train_id":498,"Train_name":"SBC-NDLS KAR","Seats_available":"no","Cleanliness":"yes","Status ":"delay","Satisfaction":"Neutral"}
{"Train_id":499,"Train_name":"SBC-NDLS KAR","Seats_available":"no","Cleanliness":"yes","Status ":"delay","Satisfaction":"Neutral"}
{"Train_id":500,"Train_name":"SBC-NDLS KAR","Seats_available":"yes","Cleanliness":"yes","Status ":"delay","Satisfaction":"Satisfied"}
