{
    "name": "YS255066_Railway_Analysis_Demo",
    "properties": {
        "activities": [
            {
                "name": "railway_file_check",
                "type": "GetMetadata",
                "dependsOn": [
                    {
                        "activity": "Read_Parameters",
                        "dependencyConditions": [
                            "Succeeded"
                        ]
                    }
                ],
                "policy": {
                    "timeout": "0.12:00:00",
                    "retry": 0,
                    "retryIntervalInSeconds": 30,
                    "secureOutput": false,
                    "secureInput": false
                },
                "userProperties": [],
                "typeProperties": {
                    "dataset": {
                        "referenceName": "ys255066_adls_csv",
                        "type": "DatasetReference",
                        "parameters": {
                            "container": {
                                "value": "@activity('Read_Parameters').output.value[0].container",
                                "type": "Expression"
                            },
                            "filename": {
                                "value": "@concat(activity('Read_Parameters').output.value[0].railway_details_Landing_Path, activity('Read_Parameters').output.value[0].railway_details_File_Name, activity('Read_Parameters').output.value[0].csv_File_Extension)",
                                "type": "Expression"
                            }
                        }
                    },
                    "fieldList": [
                        "exists"
                    ],
                    "storeSettings": {
                        "type": "AzureBlobFSReadSettings",
                        "recursive": true,
                        "enablePartitionDiscovery": false
                    },
                    "formatSettings": {
                        "type": "DelimitedTextReadSettings"
                    }
                }
            },
            {
                "name": "delay_file_check",
                "type": "GetMetadata",
                "dependsOn": [
                    {
                        "activity": "Read_Parameters",
                        "dependencyConditions": [
                            "Succeeded"
                        ]
                    }
                ],
                "policy": {
                    "timeout": "0.12:00:00",
                    "retry": 0,
                    "retryIntervalInSeconds": 30,
                    "secureOutput": false,
                    "secureInput": false
                },
                "userProperties": [],
                "typeProperties": {
                    "dataset": {
                        "referenceName": "ys255066_adls_json",
                        "type": "DatasetReference",
                        "parameters": {
                            "container": {
                                "value": "@activity('Read_Parameters').output.value[0].container",
                                "type": "Expression"
                            },
                            "filename": {
                                "value": "@concat(activity('Read_Parameters').output.value[0].delay_details_Landing_Path, activity('Read_Parameters').output.value[0].delay_details_File_Name, activity('Read_Parameters').output.value[0].json_File_Extension)",
                                "type": "Expression"
                            }
                        }
                    },
                    "fieldList": [
                        "exists"
                    ],
                    "storeSettings": {
                        "type": "AzureBlobFSReadSettings",
                        "recursive": true,
                        "enablePartitionDiscovery": false
                    },
                    "formatSettings": {
                        "type": "JsonReadSettings"
                    }
                }
            },
            {
                "name": "satisfaction_file_check",
                "type": "GetMetadata",
                "dependsOn": [
                    {
                        "activity": "Read_Parameters",
                        "dependencyConditions": [
                            "Succeeded"
                        ]
                    }
                ],
                "policy": {
                    "timeout": "0.12:00:00",
                    "retry": 0,
                    "retryIntervalInSeconds": 30,
                    "secureOutput": false,
                    "secureInput": false
                },
                "userProperties": [],
                "typeProperties": {
                    "dataset": {
                        "referenceName": "ys255066_adls_json",
                        "type": "DatasetReference",
                        "parameters": {
                            "container": {
                                "value": "@activity('Read_Parameters').output.value[0].container",
                                "type": "Expression"
                            },
                            "filename": {
                                "value": "@concat(activity('Read_Parameters').output.value[0].satisfaction_details_Landing_Path, activity('Read_Parameters').output.value[0].satisfaction_details_File_Name, activity('Read_Parameters').output.value[0].json_File_Extension)",
                                "type": "Expression"
                            }
                        }
                    },
                    "fieldList": [
                        "exists"
                    ],
                    "storeSettings": {
                        "type": "AzureBlobFSReadSettings",
                        "recursive": true,
                        "enablePartitionDiscovery": false
                    },
                    "formatSettings": {
                        "type": "JsonReadSettings"
                    }
                }
            },
            {
                "name": "If Condition_Check_All_Files",
                "type": "IfCondition",
                "dependsOn": [
                    {
                        "activity": "railway_file_check",
                        "dependencyConditions": [
                            "Succeeded"
                        ]
                    },
                    {
                        "activity": "delay_file_check",
                        "dependencyConditions": [
                            "Succeeded"
                        ]
                    },
                    {
                        "activity": "satisfaction_file_check",
                        "dependencyConditions": [
                            "Succeeded"
                        ]
                    }
                ],
                "userProperties": [],
                "typeProperties": {
                    "expression": {
                        "value": "@and(and(activity('railway_file_check').output.exists,activity('delay_file_check').output.exists),activity('satisfaction_file_check').output.exists)",
                        "type": "Expression"
                    },
                    "ifFalseActivities": [
                        {
                            "name": "Fail1",
                            "type": "Fail",
                            "dependsOn": [
                                {
                                    "activity": "Web_Error_Email",
                                    "dependencyConditions": [
                                        "Succeeded"
                                    ]
                                }
                            ],
                            "userProperties": [],
                            "typeProperties": {
                                "message": {
                                    "value": "@variables('Missing_Files')",
                                    "type": "Expression"
                                },
                                "errorCode": "404"
                            }
                        },
                        {
                            "name": "Set variable1",
                            "type": "SetVariable",
                            "dependsOn": [],
                            "policy": {
                                "secureOutput": false,
                                "secureInput": false
                            },
                            "userProperties": [],
                            "typeProperties": {
                                "variableName": "Missing_Files",
                                "value": {
                                    "value": "@concat('Missing Files: ', \nif(equals(activity('railway_file_check').output.exists, false), 'railway_details.csv ', ''), \nif(equals(activity('delay_file_check').output.exists, false), 'delay_details.json ', ''), \nif(equals(activity('satisfaction_file_check').output.exists, false), 'satisfaction_details.json ', '')\n)",
                                    "type": "Expression"
                                }
                            }
                        },
                        {
                            "name": "Web_Error_Email",
                            "type": "WebActivity",
                            "dependsOn": [
                                {
                                    "activity": "Set variable1",
                                    "dependencyConditions": [
                                        "Succeeded"
                                    ]
                                }
                            ],
                            "policy": {
                                "timeout": "0.12:00:00",
                                "retry": 0,
                                "retryIntervalInSeconds": 30,
                                "secureOutput": false,
                                "secureInput": false
                            },
                            "userProperties": [],
                            "typeProperties": {
                                "method": "POST",
                                "url": "https://prod-01.eastus.logic.azure.com:443/workflows/85456267fc054f9fa6caadc455d8b270/triggers/manual/paths/invoke?api-version=2016-10-01&sp=%2Ftriggers%2Fmanual%2Frun&sv=1.0&sig=QSDb_I0BcHY05Fb6OOE3LhMkB3vJYxfwIvsP8Nj49Po",
                                "body": {
                                    "value": "{\n    \"EmailTo\": \"@{activity('Read_Parameters').output.value[0].EmailTo}\",\n    \"Subjects\": \"Failed Pipeline @{pipeline().Pipeline}\",\n    \"DataFactoryName\": \"@{pipeline().DataFactory}\",\n    \"PipelineName\": \"@{pipeline().Pipeline}\",\n    \"ErrorMessage\" : \"@{variables('Missing_Files')} on ys255066/Inbound/ path\"\n}",
                                    "type": "Expression"
                                }
                            }
                        }
                    ],
                    "ifTrueActivities": [
                        {
                            "name": "delay_details_copy",
                            "description": "Inbound to Input",
                            "type": "Copy",
                            "dependsOn": [],
                            "policy": {
                                "timeout": "0.12:00:00",
                                "retry": 0,
                                "retryIntervalInSeconds": 30,
                                "secureOutput": false,
                                "secureInput": false
                            },
                            "userProperties": [],
                            "typeProperties": {
                                "source": {
                                    "type": "JsonSource",
                                    "additionalColumns": [
                                        {
                                            "name": "Batch_Id",
                                            "value": {
                                                "value": "@string(pipeline().RunId)",
                                                "type": "Expression"
                                            }
                                        },
                                        {
                                            "name": "Record_Load_Time",
                                            "value": {
                                                "value": "@string(formatDateTime(utcnow(), 'yyyy-MM-dd HH:mm:ss'))",
                                                "type": "Expression"
                                            }
                                        }
                                    ],
                                    "storeSettings": {
                                        "type": "AzureBlobFSReadSettings",
                                        "recursive": true,
                                        "enablePartitionDiscovery": false
                                    },
                                    "formatSettings": {
                                        "type": "JsonReadSettings"
                                    }
                                },
                                "sink": {
                                    "type": "ParquetSink",
                                    "storeSettings": {
                                        "type": "AzureBlobFSWriteSettings",
                                        "copyBehavior": "PreserveHierarchy"
                                    },
                                    "formatSettings": {
                                        "type": "ParquetWriteSettings"
                                    }
                                },
                                "enableStaging": false,
                                "translator": {
                                    "type": "TabularTranslator",
                                    "mappings": [
                                        {
                                            "source": {
                                                "path": "$['Train_id']"
                                            },
                                            "sink": {
                                                "name": "Train_id",
                                                "type": "String"
                                            }
                                        },
                                        {
                                            "source": {
                                                "path": "$['Train_name']"
                                            },
                                            "sink": {
                                                "name": "Train_name",
                                                "type": "String"
                                            }
                                        },
                                        {
                                            "source": {
                                                "path": "$['Arrival time']"
                                            },
                                            "sink": {
                                                "name": "Arrival_time"
                                            }
                                        },
                                        {
                                            "source": {
                                                "path": "$['Departure time']"
                                            },
                                            "sink": {
                                                "name": "Departure_time"
                                            }
                                        },
                                        {
                                            "source": {
                                                "path": "$['Delay']"
                                            },
                                            "sink": {
                                                "name": "Delay",
                                                "type": "String"
                                            }
                                        },
                                        {
                                            "source": {
                                                "path": "$['Batch_Id']"
                                            },
                                            "sink": {
                                                "name": "Batch_Id",
                                                "type": "String"
                                            }
                                        },
                                        {
                                            "source": {
                                                "path": "$['Record_Load_Time']"
                                            },
                                            "sink": {
                                                "name": "Record_Load_Time",
                                                "type": "String"
                                            }
                                        }
                                    ],
                                    "collectionReference": ""
                                }
                            },
                            "inputs": [
                                {
                                    "referenceName": "ys255066_adls_json",
                                    "type": "DatasetReference",
                                    "parameters": {
                                        "container": {
                                            "value": "@activity('Read_Parameters').output.value[0].container",
                                            "type": "Expression"
                                        },
                                        "filename": {
                                            "value": "@concat(activity('Read_Parameters').output.value[0].delay_details_Landing_Path, activity('Read_Parameters').output.value[0].delay_details_File_Name, activity('Read_Parameters').output.value[0].json_File_Extension)",
                                            "type": "Expression"
                                        }
                                    }
                                }
                            ],
                            "outputs": [
                                {
                                    "referenceName": "ys255066_adls_parquet",
                                    "type": "DatasetReference",
                                    "parameters": {
                                        "container": "@activity('Read_Parameters').output.value[0].container",
                                        "filename": "@concat(activity('Read_Parameters').output.value[0].delay_details_Staging_Path, activity('Read_Parameters').output.value[0].delay_details_File_Name, activity('Read_Parameters').output.value[0].parquet_File_Extension)"
                                    }
                                }
                            ]
                        },
                        {
                            "name": "satisfaction_details_copy",
                            "description": "Inbound to Input",
                            "type": "Copy",
                            "dependsOn": [],
                            "policy": {
                                "timeout": "0.12:00:00",
                                "retry": 0,
                                "retryIntervalInSeconds": 30,
                                "secureOutput": false,
                                "secureInput": false
                            },
                            "userProperties": [],
                            "typeProperties": {
                                "source": {
                                    "type": "JsonSource",
                                    "additionalColumns": [
                                        {
                                            "name": "Batch_Id",
                                            "value": {
                                                "value": "@string(pipeline().RunId)",
                                                "type": "Expression"
                                            }
                                        },
                                        {
                                            "name": "Record_Load_Time",
                                            "value": {
                                                "value": "@string(formatDateTime(utcNow(), 'yyyy-MM-dd HH:mm:ss'))",
                                                "type": "Expression"
                                            }
                                        }
                                    ],
                                    "storeSettings": {
                                        "type": "AzureBlobFSReadSettings",
                                        "recursive": true,
                                        "enablePartitionDiscovery": false
                                    },
                                    "formatSettings": {
                                        "type": "JsonReadSettings"
                                    }
                                },
                                "sink": {
                                    "type": "ParquetSink",
                                    "storeSettings": {
                                        "type": "AzureBlobFSWriteSettings",
                                        "copyBehavior": "PreserveHierarchy"
                                    },
                                    "formatSettings": {
                                        "type": "ParquetWriteSettings"
                                    }
                                },
                                "enableStaging": false,
                                "translator": {
                                    "type": "TabularTranslator",
                                    "mappings": [
                                        {
                                            "source": {
                                                "path": "$['Train_id']"
                                            },
                                            "sink": {
                                                "name": "Train_id",
                                                "type": "String"
                                            }
                                        },
                                        {
                                            "source": {
                                                "path": "$['Train_name']"
                                            },
                                            "sink": {
                                                "name": "Train_name",
                                                "type": "String"
                                            }
                                        },
                                        {
                                            "source": {
                                                "path": "$['Seats_available']"
                                            },
                                            "sink": {
                                                "name": "Seats_available",
                                                "type": "String"
                                            }
                                        },
                                        {
                                            "source": {
                                                "path": "$['Cleanliness']"
                                            },
                                            "sink": {
                                                "name": "Cleanliness",
                                                "type": "String"
                                            }
                                        },
                                        {
                                            "source": {
                                                "path": "$['Status ']"
                                            },
                                            "sink": {
                                                "name": "Status ",
                                                "type": "String"
                                            }
                                        },
                                        {
                                            "source": {
                                                "path": "$['Satisfaction']"
                                            },
                                            "sink": {
                                                "name": "Satisfaction",
                                                "type": "String"
                                            }
                                        },
                                        {
                                            "source": {
                                                "path": "$['Batch_Id']"
                                            },
                                            "sink": {
                                                "name": "Batch_Id",
                                                "type": "String"
                                            }
                                        },
                                        {
                                            "source": {
                                                "path": "$['Record_Load_Time']"
                                            },
                                            "sink": {
                                                "name": "Record_Load_Time",
                                                "type": "String"
                                            }
                                        }
                                    ],
                                    "collectionReference": ""
                                }
                            },
                            "inputs": [
                                {
                                    "referenceName": "ys255066_adls_json",
                                    "type": "DatasetReference",
                                    "parameters": {
                                        "container": {
                                            "value": "@activity('Read_Parameters').output.value[0].container",
                                            "type": "Expression"
                                        },
                                        "filename": {
                                            "value": "@concat(activity('Read_Parameters').output.value[0].satisfaction_details_Landing_Path, activity('Read_Parameters').output.value[0].satisfaction_details_File_Name, activity('Read_Parameters').output.value[0].json_File_Extension)",
                                            "type": "Expression"
                                        }
                                    }
                                }
                            ],
                            "outputs": [
                                {
                                    "referenceName": "ys255066_adls_parquet",
                                    "type": "DatasetReference",
                                    "parameters": {
                                        "container": "@activity('Read_Parameters').output.value[0].container",
                                        "filename": {
                                            "value": "@concat(activity('Read_Parameters').output.value[0].satisfaction_details_Staging_Path, activity('Read_Parameters').output.value[0].satisfaction_details_File_Name, activity('Read_Parameters').output.value[0].parquet_File_Extension)",
                                            "type": "Expression"
                                        }
                                    }
                                }
                            ]
                        },
                        {
                            "name": "railway_details_copy",
                            "description": "Inbound to Input",
                            "type": "Copy",
                            "dependsOn": [],
                            "policy": {
                                "timeout": "0.12:00:00",
                                "retry": 0,
                                "retryIntervalInSeconds": 30,
                                "secureOutput": false,
                                "secureInput": false
                            },
                            "userProperties": [],
                            "typeProperties": {
                                "source": {
                                    "type": "DelimitedTextSource",
                                    "additionalColumns": [
                                        {
                                            "name": "Batch_Id",
                                            "value": {
                                                "value": "@string(pipeline().RunId)",
                                                "type": "Expression"
                                            }
                                        },
                                        {
                                            "name": "Record_Load_Time",
                                            "value": {
                                                "value": "@string(formatDateTime(utcnow(), 'yyyy-MM-dd HH:mm:ss'))",
                                                "type": "Expression"
                                            }
                                        }
                                    ],
                                    "storeSettings": {
                                        "type": "AzureBlobFSReadSettings",
                                        "recursive": true,
                                        "enablePartitionDiscovery": false
                                    },
                                    "formatSettings": {
                                        "type": "DelimitedTextReadSettings"
                                    }
                                },
                                "sink": {
                                    "type": "ParquetSink",
                                    "storeSettings": {
                                        "type": "AzureBlobFSWriteSettings",
                                        "copyBehavior": "PreserveHierarchy"
                                    },
                                    "formatSettings": {
                                        "type": "ParquetWriteSettings"
                                    }
                                },
                                "enableStaging": false,
                                "translator": {
                                    "type": "TabularTranslator",
                                    "mappings": [
                                        {
                                            "source": {
                                                "name": "Train_id",
                                                "type": "String",
                                                "physicalType": "String"
                                            },
                                            "sink": {
                                                "name": "Train_id",
                                                "type": "String",
                                                "physicalType": "UTF8"
                                            }
                                        },
                                        {
                                            "source": {
                                                "name": "Train_name",
                                                "type": "String",
                                                "physicalType": "String"
                                            },
                                            "sink": {
                                                "name": "Train_name",
                                                "type": "String",
                                                "physicalType": "UTF8"
                                            }
                                        },
                                        {
                                            "source": {
                                                "name": "Train_color",
                                                "type": "String",
                                                "physicalType": "String"
                                            },
                                            "sink": {
                                                "name": "Train_color",
                                                "type": "String",
                                                "physicalType": "UTF8"
                                            }
                                        },
                                        {
                                            "source": {
                                                "name": "Distance",
                                                "type": "String",
                                                "physicalType": "String"
                                            },
                                            "sink": {
                                                "name": "Distance",
                                                "type": "String",
                                                "physicalType": "UTF8"
                                            }
                                        },
                                        {
                                            "source": {
                                                "name": "Src Station name",
                                                "type": "String",
                                                "physicalType": "String"
                                            },
                                            "sink": {
                                                "name": "Src_Station_name",
                                                "physicalType": "UTF8"
                                            }
                                        },
                                        {
                                            "source": {
                                                "name": "Dest station name",
                                                "type": "String",
                                                "physicalType": "String"
                                            },
                                            "sink": {
                                                "name": "Dest_station_name",
                                                "physicalType": "UTF8"
                                            }
                                        },
                                        {
                                            "source": {
                                                "name": "Frequency",
                                                "type": "String",
                                                "physicalType": "String"
                                            },
                                            "sink": {
                                                "name": "Frequency",
                                                "type": "String",
                                                "physicalType": "UTF8"
                                            }
                                        },
                                        {
                                            "source": {
                                                "name": "Batch_Id",
                                                "type": "String"
                                            },
                                            "sink": {
                                                "name": "Batch_Id",
                                                "type": "String",
                                                "physicalType": "UTF8"
                                            }
                                        },
                                        {
                                            "source": {
                                                "name": "Record_Load_Time",
                                                "type": "String"
                                            },
                                            "sink": {
                                                "name": "Record_Load_Time",
                                                "type": "String",
                                                "physicalType": "UTF8"
                                            }
                                        }
                                    ],
                                    "typeConversion": true,
                                    "typeConversionSettings": {
                                        "allowDataTruncation": true,
                                        "treatBooleanAsNumber": false
                                    }
                                }
                            },
                            "inputs": [
                                {
                                    "referenceName": "ys255066_adls_csv",
                                    "type": "DatasetReference",
                                    "parameters": {
                                        "container": {
                                            "value": "@activity('Read_Parameters').output.value[0].container",
                                            "type": "Expression"
                                        },
                                        "filename": {
                                            "value": "@concat(activity('Read_Parameters').output.value[0].railway_details_Landing_Path, activity('Read_Parameters').output.value[0].railway_details_File_Name, activity('Read_Parameters').output.value[0].csv_File_Extension)",
                                            "type": "Expression"
                                        }
                                    }
                                }
                            ],
                            "outputs": [
                                {
                                    "referenceName": "ys255066_adls_parquet",
                                    "type": "DatasetReference",
                                    "parameters": {
                                        "container": {
                                            "value": "@activity('Read_Parameters').output.value[0].container",
                                            "type": "Expression"
                                        },
                                        "filename": {
                                            "value": "@concat(activity('Read_Parameters').output.value[0].railway_details_Staging_Path, activity('Read_Parameters').output.value[0].railway_details_File_Name, activity('Read_Parameters').output.value[0].parquet_File_Extension)",
                                            "type": "Expression"
                                        }
                                    }
                                }
                            ]
                        }
                    ]
                }
            },
            {
                "name": "Move_Inbound_To_Archive",
                "type": "DatabricksNotebook",
                "dependsOn": [
                    {
                        "activity": "Gold_Layer_Load",
                        "dependencyConditions": [
                            "Succeeded"
                        ]
                    }
                ],
                "policy": {
                    "timeout": "0.12:00:00",
                    "retry": 0,
                    "retryIntervalInSeconds": 30,
                    "secureOutput": false,
                    "secureInput": false
                },
                "userProperties": [],
                "typeProperties": {
                    "notebookPath": "/ys255066/move_to_archive_and_delete"
                },
                "linkedServiceName": {
                    "referenceName": "adb_ls",
                    "type": "LinkedServiceReference"
                }
            },
            {
                "name": "Web_Success_Complete",
                "type": "WebActivity",
                "state": "Inactive",
                "onInactiveMarkAs": "Succeeded",
                "dependsOn": [
                    {
                        "activity": "Move_Inbound_To_Archive",
                        "dependencyConditions": [
                            "Succeeded"
                        ]
                    }
                ],
                "policy": {
                    "timeout": "0.12:00:00",
                    "retry": 0,
                    "retryIntervalInSeconds": 30,
                    "secureOutput": false,
                    "secureInput": false
                },
                "userProperties": [],
                "typeProperties": {
                    "method": "POST",
                    "url": "https://prod-33.eastus.logic.azure.com:443/workflows/42efd8cd5ece47b189f701dbbcd92f05/triggers/manual/paths/invoke?api-version=2016-10-01&sp=%2Ftriggers%2Fmanual%2Frun&sv=1.0&sig=sH7Y_BKWriojC25z39Uo9578G0LDk4HyOIam5ItFk3U",
                    "body": {
                        "value": "{\n    \"EmailTo\": \"@{activity('Read_Parameters').output.value[0].EmailTo}\",\n    \"Subjects\": \"Pipeline ran successfully : @{pipeline().Pipeline}\",\n    \"DataFactoryName\": \"@{pipeline().DataFactory}\",\n    \"PipelineName\": \"@{pipeline().Pipeline}\",\n    \"FileName\" : \"railway_details.csv, delay_details.json, satisfaction_details.json\"\n}\n",
                        "type": "Expression"
                    }
                }
            },
            {
                "name": "Read_Parameters",
                "type": "Lookup",
                "dependsOn": [],
                "policy": {
                    "timeout": "0.12:00:00",
                    "retry": 0,
                    "retryIntervalInSeconds": 30,
                    "secureOutput": false,
                    "secureInput": false
                },
                "userProperties": [],
                "typeProperties": {
                    "source": {
                        "type": "JsonSource",
                        "storeSettings": {
                            "type": "AzureBlobFSReadSettings",
                            "recursive": false,
                            "enablePartitionDiscovery": false
                        },
                        "formatSettings": {
                            "type": "JsonReadSettings"
                        }
                    },
                    "dataset": {
                        "referenceName": "ys255066_adls_json",
                        "type": "DatasetReference",
                        "parameters": {
                            "container": {
                                "value": "@pipeline().parameters.Container",
                                "type": "Expression"
                            },
                            "filename": {
                                "value": "@pipeline().parameters.Config_File_Name",
                                "type": "Expression"
                            }
                        }
                    },
                    "firstRowOnly": false
                }
            },
            {
                "name": "Gold_Layer_Load",
                "type": "DatabricksNotebook",
                "dependsOn": [
                    {
                        "activity": "Silver_Layer_Load",
                        "dependencyConditions": [
                            "Succeeded"
                        ]
                    }
                ],
                "policy": {
                    "timeout": "0.12:00:00",
                    "retry": 0,
                    "retryIntervalInSeconds": 30,
                    "secureOutput": false,
                    "secureInput": false
                },
                "userProperties": [],
                "typeProperties": {
                    "notebookPath": "/ys255066/gold_analysis_load"
                },
                "linkedServiceName": {
                    "referenceName": "adb_ls",
                    "type": "LinkedServiceReference"
                }
            },
            {
                "name": "Notebook_Error_Email",
                "type": "WebActivity",
                "state": "Inactive",
                "onInactiveMarkAs": "Succeeded",
                "dependsOn": [
                    {
                        "activity": "Silver_Layer_Load",
                        "dependencyConditions": [
                            "Failed"
                        ]
                    },
                    {
                        "activity": "Gold_Layer_Load",
                        "dependencyConditions": [
                            "Failed"
                        ]
                    },
                    {
                        "activity": "Move_Inbound_To_Archive",
                        "dependencyConditions": [
                            "Failed"
                        ]
                    }
                ],
                "policy": {
                    "timeout": "0.12:00:00",
                    "retry": 0,
                    "retryIntervalInSeconds": 30,
                    "secureOutput": false,
                    "secureInput": false
                },
                "userProperties": [],
                "typeProperties": {
                    "method": "POST",
                    "url": "https://prod-01.eastus.logic.azure.com:443/workflows/85456267fc054f9fa6caadc455d8b270/triggers/manual/paths/invoke?api-version=2016-10-01&sp=%2Ftriggers%2Fmanual%2Frun&sv=1.0&sig=QSDb_I0BcHY05Fb6OOE3LhMkB3vJYxfwIvsP8Nj49Po",
                    "body": {
                        "value": "\"ErrorMessage\": \"@{concat('The following notebook(s) have failed:\\n\\n', \n                        if(equals(activity('Silver_Layer_Load').status, 'Failed'), 'Silver_Layer_Load\\n', ''), \n                        if(equals(activity('Gold_Layer_Load').status, 'Failed'), 'Gold_Layer_Load\\n', ''), \n                        'Error Details:\\n',\n                        if(equals(activity('Silver_Layer_Load').status, 'Failed'), activity('Silver_Layer_Load').error.message, ''), \n                        if(equals(activity('Gold_Layer_Load').status, 'Failed'), activity('Gold_Layer_Load').error.message, '')\n                     )}\"\n",
                        "type": "Expression"
                    }
                }
            },
            {
                "name": "Silver_Layer_Load",
                "type": "DatabricksNotebook",
                "dependsOn": [
                    {
                        "activity": "If Condition_Check_All_Files",
                        "dependencyConditions": [
                            "Succeeded"
                        ]
                    }
                ],
                "policy": {
                    "timeout": "0.12:00:00",
                    "retry": 0,
                    "retryIntervalInSeconds": 30,
                    "secureOutput": false,
                    "secureInput": false
                },
                "userProperties": [],
                "typeProperties": {
                    "notebookPath": "/ys255066/main"
                },
                "linkedServiceName": {
                    "referenceName": "adb_ls",
                    "type": "LinkedServiceReference"
                }
            }
        ],
        "parameters": {
            "Container": {
                "type": "string",
                "defaultValue": "ys255066/"
            },
            "Config_File_Name": {
                "type": "string",
                "defaultValue": "Parameters.json"
            }
        },
        "variables": {
            "Missing_Files": {
                "type": "String"
            }
        },
        "folder": {
            "name": "ys255066"
        },
        "annotations": [],
        "lastPublishTime": "2025-03-26T14:12:46Z"
    },
    "type": "Microsoft.DataFactory/factories/pipelines"
}